Habitat,County,Site,Date,Day,Techs,Station,Bait,Tag,Genus,Species,Abbrev,Sex,Repro,Mass,TL,RHFL,EL,Ecto,DNA,
Forest,Chittenden,Audubon2,29/05/2019,1,EB,11,Pb,1,Napeozapus,insignis,NAIN,M,s,20,140,29,16,,,
Forest,Chittenden,Audubon2,30/05/2019,2,EB,4,Seed,1,Napeozapus,insignis,NAIN,M,s,21,140,29,16,,,
Forest,Chittenden,Audubon2,31/05/2019,3,EB,7,Pb,1,Napeozapus,insignis,NAIN,M,s,21,140,29,16,,,
Forest,Chittenden,Audubon2,29/05/2019,1,EB,29,Seed,2,Peromyscus,leucopus,PELE,M,s,21,81,17,16,E014,T016,
Forest,Chittenden,Audubon2,30/05/2019,2,EB,29,Seed,2,Peromyscus,leucopus,PELE,M,s,20,81,17,16,,,
Forest,Chittenden,Audubon2,29/05/2019,1,EB,30,Seed,3,Napeozapus,insignis,NAIN,M,s,23,138,28,12,,,
Forest,Chittenden,Audubon2,30/05/2019,2,EB,8,Pb,3,Napeozapus,insignis,NAIN,M,s,23,138,28,12,,,
Forest,Chittenden,Audubon2,31/05/2019,3,EB,11,Seed,3,Napeozapus,insignis,NAIN,M,s,23,138,28,12,,,
Field,Chittenden,Audubon1,29/05/2019,2,EB,11,Seed,4,Zapus,hudsonius,ZAHU,F,sm,15,118,118,11,,,
Field,Chittenden,Audubon1,30/05/2019,3,EB,24,Pb,4,Zapus,hudsonius,ZAHU,F,sm,16,118,118,11,,,
Field,Chittenden,Audubon1,30/05/2019,3,EB,27,Seed,6,Zapus,hudsonius,ZAHU,M,s,12,125,28,13,E017,,
Forest,Chittenden,Jericho1,5/10/2019,1,BIOL217,19,Seed,7,Peromyscus,leucopus,PELE,F,sm,18,71,20,16,,J1T4,
Forest,Chittenden,Jericho1,6/10/2019,2,BIOL217,24,Seed,7,Peromyscus,leucopus,PELE,F,sm,15,71,20,16,,,
Field,Orleans,Barr1,14/06/2019,2,EB,5,Seed,11,Zapus,hudsonius,ZAHU,F,lg,20,98,28,12,,,
Field,Orleans,Barr1,15/06/2019,3,EB,2,Seed,11,Zapus,hudsonius,ZAHU,F,lg,20,98,28,12,,,
Farm,Franklin,RiverBerry1,30/07/2019,2,"EB, RO",18,Seed,12,Zapus,hudsonius,ZAHU,F,lg,24,124,30,13,E034,,
Farm,Franklin,RiverBerry1,31/07/2019,3,"EB, RO",11,Seed,12,Zapus,hudsonius,ZAHU,F,lg,23,124,30,13,,,
Forest,Windsor,MBR1,8/6/2019,1,EB,22,Seed,13,Napeozapus,insignis,NAIN,F,lg,20,136,27,12,,,
Farm,Franklin,RiverBerry1,30/07/2019,2,"EB, RO",24,Seed,14,Microtus,pennsylvanicus,MIPE,M,ns,24,46,19,6,,,
Forest,Chittenden,Audubon2,30/05/2019,2,EB,9,Seed,16,Napeozapus,insignis,NAIN,F,sm,20,141,29,12,,,
Forest,Chittenden,Audubon2,31/05/2019,3,EB,6,Seed,16,Napeozapus,insignis,NAIN,F,sm,20,141,29,12,,,
Forest,Chittenden,Audubon2,31/05/2019,3,EB,5,Seed,17,Napeozapus,insignis,NAIN,M,s,21,138,27,11,,,
Field,Chittenden,Audubon1,30/05/2019,3,EB,16,Pb,18,Microtus,pennsylvanicus,MIPE,F,lg,43,50,17,10,,,
Forest,Rutland,Buck2,25/07/2019,2,"EB, TM ",1,Seed,19,Peromyscus,leucopus,PELE,M,ns,21,78,18,15,E030,T034,
Forest,Chittenden,Audubon2,30/05/2019,2,EB,5,Seed,20,Napeozapus,insignis,NAIN,M,s,21,110,28,11,,,
Forest,Chittenden,Audubon2,30/05/2019,2,EB,18,Pb,21,Peromyscus,leucopus,PELE,F,sm,13,61,17,12,E016,T018,
Field,Chittenden,Audubon1,29/05/2019,2,EB,13,Seed,22,Microtus,pennsylvanicus,MIPE,F,sm,18,33,16,10,,,
Forest,Chittenden,Jericho1,5/10/2019,1,BIOL217,5,Seed,23,Peromyscus,leucopus,PELE,M,s,22,84,19,17,J1E1,J1T2,
Forest,Chittenden,Audubon2,30/05/2019,2,EB,12,Seed,24,Peromyscus,leucopus,PELE,F,sm,17,68,18,15,,T017,
Forest,Chittenden,Audubon2,31/05/2019,3,EB,17,Pb,24,Peromyscus,leucopus,PELE,F,sm,15,68,18,15,,,
Field,Chittenden,Audubon1,30/05/2019,3,EB,13,Seed,25,Microtus,pennsylvanicus,MIPE,F,sm,28,29,19,8,,,
Forest,Chittenden,Jericho1,28/05/2019,3,EB,3,Seed,26,Napeozapus,insignis,NAIN,M,s,21,135,30,13,E010,,
Field,Chittenden,Audubon1,28/05/2019,1,EB,11,Seed,27,Zapus,hudsonius,ZAHU,F,sm,19,123,28,11,E011,,
Field,Chittenden,Audubon1,29/05/2019,2,EB,18,Seed,27,Zapus,hudsonius,ZAHU,F,sm,17,123,28,11,E015,,
Field,Chittenden,Audubon1,30/05/2019,3,EB,16,Seed,27,Zapus,hudsonius,ZAHU,F,sm,17,123,28,11,,,
Forest,Chittenden,Audubon2,29/05/2019,1,EB,2,Seed,28,Peromyscus,leucopus,PELE,M,ns,14,72,19,18,,T013,
Forest,Chittenden,Audubon2,30/05/2019,2,EB,2,Seed,28,Peromyscus,leucopus,PELE,M,ns,14,72,19,18,,,
Forest,Chittenden,Audubon2,31/05/2019,3,EB,1,Seed,28,Peromyscus,leucopus,PELE,M,ns,14,72,19,18,,,
Forest,Chittenden,Audubon2,29/05/2019,1,EB,7,Pb,29,Napeozapus,insignis,NAIN,F,sm,18,128,27,13,,,
Farm,Franklin,RiverBerry1,30/07/2019,2,"EB, RO",26,Seed,30,Zapus,hudsonius,ZAHU,F,sm,17,118,26,12,,,
Farm,Franklin,RiverBerry1,31/07/2019,3,"EB, RO",16,Seed,30,Zapus,hudsonius,ZAHU,F,lg,18,118,26,12,,,
Farm,Franklin,RiverBerry1,31/07/2019,3,"EB, RO",3,Seed,31,Zapus,hudsonius,ZAHU,M,ns,19,121,30,14,E037,,
Farm,GrandIsle,Borderview1,14/07/2019,3,"EB, BL",18,Seed,32,Tamias,striatus,TAST,F,sm,109,115,32,12,,,
Forest,Chittenden,Audubon2,31/05/2019,3,EB,14,Pb,33,Peromyscus,leucopus,PELE,F,sm,10,52,16,14,E019,T019,
Farm,GrandIsle,Borderview1,12/7/2019,1,"EB, BL",30,Seed,34,Tamias,striatus,TAST,F,sm,91,95,36,12,E028,,
Field,Chittenden,StM1,8/7/2019,3,EB,7,Seed,35,Microtus,pennsylvanicus,MIPE,M,ns,45,38,21,8,,,
Farm,Franklin,RiverBerry1,29/07/2019,1,"EB, RO",26,Seed,36,Zapus,hudsonius,ZAHU,F,sm,24,129,27,12,E033,,
Farm,Franklin,RiverBerry1,30/07/2019,2,"EB, RO",25,Seed,36,Zapus,hudsonius,ZAHU,F,lg,21,129,27,12,,,
Forest,Windsor,MBR1,8/6/2019,1,EB,24,Seed,37,Peromyscus,leucopus,PELE,F,lg,19,28,18,16,,T020,
Forest,Windsor,MBR1,9/6/2019,2,"EB, AM",22,Seed,37,Peromyscus,leucopus,PELE,F,lg,22,28,18,16,,,
Forest,Windsor,MBR1,10/6/2019,3,"EB, AM",23,Seed,37,Peromyscus,leucopus,PELE,F,lg,17,28,18,16,,,
Forest,Rutland,Buck2,24/07/2019,1,"EB, TM",12,Seed,38,Peromyscus,leucopus,PELE,F,lg,28,93,18,15,E029,T036,
Forest,Rutland,Buck2,26/07/2019,3,"EB, TM ",3,Seed,38,Peromyscus,leucopus,PELE,F,lg,29,93,18,15,E031,,
Forest,Chittenden,Jericho2,5/10/2019,1,BIOL217,20,Seed,39,Peromyscus,leucopus,PELE,F,lg,30,80,19,15,J2E2,J2T4,
Farm,Franklin,RiverBerry1,30/07/2019,2,"EB, RO",23,Seed,40,Microtus,pennsylvanicus,MIPE,M,s,37,43,20,5,,,
Forest,Windham,Dummer2,24/06/2019,2,EB,2,Seed,41,Peromyscus,leucopus,PELE,M,ns,12,59,15,12,,T025,
Farm,Addison,Elmer1,20/06/2019,2,"EB, BL",17,Seed,42,Peromyscus,leucopus,PELE,M,ns,16,76,20,18,E024,T022,
Farm,Addison,Elmer1,21/06/2019,3,"EB, BL",17,Seed,42,Peromyscus,leucopus,PELE,M,ns,15,76,20,18,,,
Farm,Franklin,RiverBerry1,30/07/2019,2,"EB, RO",27,Seed,43,Zapus,hudsonius,ZAHU,M,ns,15,114,27,12,E035,,
Forest,Chittenden,Jericho2,5/10/2019,1,BIOL217,19,Seed,44,Peromyscus,leucopus,PELE,M,ns,23,79,19,16,,J2T2,
Farm,GrandIsle,Borderview1,12/7/2019,1,"EB, BL",16,Seed,45,Peromyscus,leucopus,PELE,M,s,25,90,19,18,,T030,
Farm,Chittenden,Hort2,18/05/2019,2,EB,26,Seed,47,Peromyscus,leucopus,PELE,F,lg,24,75,19,16,E001,T005,
Farm,Chittenden,Hort2,19/05/2019,3,EB,25,Pb,47,Peromyscus,leucopus,PELE,F,lg,24,75,19,16,,,
Farm,Chittenden,Hort2,19/05/2019,3,EB,19,Seed,48,Peromyscus,leucopus,PELE,M,ns,11,58,17,13,E003,,
Farm,Chittenden,Hort2,18/05/2019,2,EB,19,Seed,48,Peromyscus,leucopus,PELE,M,ns,10,58,17,13,,T004,
Farm,Chittenden,Hort2,18/05/2019,2,EB,13,Pb,49,Peromyscus,leucopus,PELE,M,s,23,79,18,17,,T002,
Farm,Chittenden,Hort2,19/05/2019,3,EB,9,Pb,50,Peromyscus,leucopus,PELE,M,ns,15,71,19,18,E004,,
Farm,Chittenden,Hort2,17/05/2019,1,EB,19,Seed,50,Peromyscus,leucopus,PELE,M,ns,14,71,19,18,,T001,
Farm,Chittenden,Hort2,18/05/2019,2,EB,14,Seed,50,Peromyscus,leucopus,PELE,M,ns,15,71,19,18,,,
Farm,Chittenden,Hort3,20/05/2019,3,EB,24,Pb,51,Peromyscus,leucopus,PELE,M,ns,16,61,18,15,,T007,
Farm,Chittenden,Inter1,20/05/2019,1,EB,18,Seed,52,Zapus,hudsonius,ZAHU,F,sm,19,115,27,12,E005,,
Farm,Chittenden,Inter2,21/05/2019,1,EB,3,Pb,53,Zapus,hudsonius,ZAHU,F,sm,15,123,27,13,E006,,
Farm,Chittenden,Inter1,22/05/2019,3,"EB,RL",10,Pb,54,Zapus,hudsonius,ZAHU,F,sm,19,123,28,13,,,
Forest,Chittenden,Jericho2,26/05/2019,2,EB,16,Pb,55,Peromyscus,leucopus,PELE,M,ns,18,68,17,18,E007,T008,
Forest,Chittenden,Jericho2,27/05/2019,3,EB,21,Pb,55,Peromyscus,leucopus,PELE,M,ns,15,68,17,18,,,
Forest,Chittenden,Jericho1,26/05/2019,1,EB,16,Seed,56,Peromyscus,maniculatus,PEMA,F,lg,29,83,18,17,,T009,
Forest,Chittenden,Jericho1,26/05/2019,1,EB,17,Seed,57,Peromyscus,leucopus,PELE,F,sm,12,54,17,14,,T010,
Forest,Chittenden,Jericho1,27/05/2019,2,EB,18,Pb,57,Peromyscus,leucopus,PELE,F,sm,11,54,17,14,,,
Forest,Chittenden,Jericho1,5/10/2019,1,BIOL217,24,Seed,58,Peromyscus,leucopus,PELE,M,ns,21,,,,,J1T1,
Field,Orleans,Barr1,14/06/2019,2,EB,29,Seed,59,Zapus,hudsonius,ZAHU,M,ns,15,129,28,13,E020,,
Field,Orleans,Barr1,15/06/2019,3,EB,25,Seed,59,Zapus,hudsonius,ZAHU,M,ns,17,129,28,13,E021,,
Forest,Windsor,MBR1,9/6/2019,2,"EB, AM",25,Seed,60,Napeozapus,insignis,NAIN,M,s,22,146,29,14,,,
Forest,Chittenden,Jericho2,5/10/2019,1,BIOL217,19,Seed,61,Peromyscus,leucopus,PELE,F,lg,2,90,20,20,,J2T3,
Forest,Chittenden,Jericho1,5/10/2019,1,BIOL217,12,Seed,62,Peromyscus,leucopus,PELE,F,sm,24,70,18,15,J1E2,J1T3,
Forest,Chittenden,Jericho1,6/10/2019,2,BIOL217,2,Seed,62,Peromyscus,leucopus,PELE,F,ns,21,70,18,15,,,
Forest,Rutland,Buck2,26/07/2019,3,"EB, TM ",1,Seed,63,Peromyscus,leucopus,PELE,M,s,23,83,21,15,E032,T035,
Farm,Franklin,RiverBerry1,31/07/2019,3,"EB, RO",19,Seed,64,Zapus,hudsonius,ZAHU,F,lg,24,116,27,12,E036,,
Farm,Franklin,RiverBerry1,30/07/2019,2,"EB, RO",11,Seed,65,Zapus,hudsonius,ZAHU,F,lg,25,119,29,13,,,
Farm,Franklin,RiverBerry1,31/07/2019,3,"EB, RO",10,Seed,65,Zapus,hudsonius,ZAHU,F,lg,20,119,29,13,,,
Farm,GrandIsle,Borderview1,13/07/2019,2,"EB, BL",21,Seed,66,Peromyscus,leucopus,PELE,M,s,20,80,19,17,,T032,
Forest,Chittenden,Audubon2,29/05/2019,1,EB,1,Seed,67,Peromyscus,leucopus,PELE,M,ns,16,68,18,17,E012,T012,
Forest,Chittenden,Audubon2,30/05/2019,2,EB,1,Seed,67,Peromyscus,leucopus,PELE,M,ns,15,68,18,17,,,
Forest,Chittenden,Audubon2,31/05/2019,3,EB,12,Seed,67,Peromyscus,leucopus,PELE,M,ns,16,68,18,17,,,
Forest,Chittenden,Jericho1,27/05/2019,2,EB,15,Pb,68,Glaucomys,volans,GLVO,F,lg,64,118,,,,,
Forest,Chittenden,Jericho1,27/05/2019,2,EB,3,Pb,69,Napeozapus,insignis,NAIN,M,s,17,130,27,13,,,
Forest,Chittenden,Jericho2,27/05/2019,3,EB,16,Pb,70,Peromyscus,leucopus,PELE,F,lg,25,78,18,17,,T011,
Forest,Chittenden,Jericho1,26/05/2019,1,EB,22,Seed,71,Napeozapus,insignis,NAIN,F,sm,18,139,28,13,E009,,
Farm,Chittenden,Hort3,20/05/2019,3,EB,25,Pb,72,Peromyscus,leucopus,PELE,F,sm,13,63,18,16,,T006,
Farm,Chittenden,Hort2,19/05/2019,3,EB,21,Seed,74,Tamias,striatus,TAST,F,sm,101,100,,,,,
Farm,Chittenden,Hort2,19/05/2019,3,EB,30,Seed,75,Peromyscus,maniculatus,PEMA,M,ns,24,79,18,19,E002,,
Farm,Chittenden,Hort2,18/05/2019,2,EB,16,Seed,75,Peromyscus,maniculatus,PEMA,M,ns,23,79,18,19,,T003,
Forest,Chittenden,Jericho1,26/05/2019,1,EB,1,Seed,76,Napeozapus,insignis,NAIN,F,sm,24,128,30,14,E008,,
Forest,Chittenden,Audubon2,29/05/2019,1,EB,23,Pb,77,Peromyscus,leucopus,PELE,F,preg,22,87,18,15,,T104,
Forest,Chittenden,Audubon2,30/05/2019,2,EB,25,Seed,77,Peromyscus,leucopus,PELE,F,preg,22,87,18,15,,,
Forest,Chittenden,Audubon2,31/05/2019,3,EB,23,Pb,77,Peromyscus,leucopus,PELE,F,preg,22,87,18,15,,,
Forest,Chittenden,Audubon2,29/05/2019,1,EB,25,Pb,78,Peromyscus,leucopus,PELE,M,s,31,89,20,18,E013,T015,
Forest,Chittenden,Audubon2,31/05/2019,3,EB,24,Pb,78,Peromyscus,leucopus,PELE,M,s,33,89,20,18,E018,,
Forest,Orleans,Barr2,15/06/2019,2,EB,2,Seed,79,Napeozapus,insignis,NAIN,M,s,25,148,30,12,,,
Farm,Franklin,RiverBerry1,31/07/2019,3,"EB, RO",15,Seed,80,Zapus,hudsonius,ZAHU,F,sm,11,117,28,13,,,
Forest,Rutland,Buck2,24/07/2019,1,"EB, TM",15,Seed,81,Peromyscus,leucopus,PELE,F,lg,28,85,20,17,,T033,
Forest,Rutland,Buck2,26/07/2019,3,"EB, TM ",21,Seed,81,Peromyscus,leucopus,PELE,F,lg,26,85,20,17,,,
Forest,Windham,Dummer1,24/06/2019,1,EB,17,Seed,82,Peromyscus,leucopus,PELE,F,lg,23,84,18,17,E026,T024,
Forest,Windham,Dummer1,25/06/2019,2,EB,7,Seed,82,Peromyscus,leucopus,PELE,F,lg,31,,,,,,
Field,Chittenden,StM1,8/7/2019,3,EB,13,Seed,83,Peromyscus,leucopus,PELE,M,s,15,69,18,18,,T029,
Field,Chittenden,StM2,7/7/2019,1,EB,15,Seed,84,Peromyscus,maniculatus,PEMA,M,s,17,83,21,18,E027,T028,
Forest,Windham,Dummer2,25/06/2019,3,EB,13,Seed,85,Peromyscus,leucopus,PELE,,,22,,,,,,
Forest,Windham,Dummer2,25/06/2019,3,EB,14,Seed,86,Peromyscus,leucopus,PELE,M,s,23,74,18,17,,T027,
Forest,Windham,Dummer1,25/06/2019,2,EB,16,Seed,87,Peromyscus,leucopus,PELE,M,ns,14,78,19,16,E025,T026,
Forest,Windham,Dummer1,24/06/2019,1,EB,15,Seed,88,Peromyscus,maniculatus,PEMA,F,lg,29,93,18,18,,T023,
Forest,Windham,Dummer1,26/06/2019,3,EB,12,Seed,88,Peromyscus,maniculatus,PEMA,F,lg,29,,,,,,
Farm,Addison,Elmer2,19/06/2019,2,"EB, BL",25,Seed,89,Microtus,pennsylvanicus,MIPE,M,ns,35,34,19,13,,,
Farm,Addison,Elmer2,18/06/2019,1,"EB, BL",28,Seed,91,Microtus,pennsylvanicus,MIPE,F,sm,27,38,19,12,E023,,
Forest,Orleans,Barr2,16/06/2019,3,EB,21,Seed,92,Napeozapus,insignis,NAIN,F,sm,19,143,28,13,E022,,
Forest,Orleans,Barr2,15/06/2019,2,EB,7,Seed,93,Napeozapus,insignis,NAIN,M,ns,23,135,30,15,,,
Forest,Orleans,Barr2,15/06/2019,2,EB,15,Seed,95,Myodes,gapperi,MYGA,M,s,23,34,15,9,,,
Forest,Orleans,Barr2,15/06/2019,2,EB,17,Seed,96,Peromyscus,maniculatus,PEMA,F,sm,16,74,18,16,,T021,
Field,Orleans,Barr1,15/06/2019,3,EB,18,Seed,97,Zapus,hudsonius,ZAHU,F,lg,23,136,29,14,,,
Farm,GrandIsle,Borderview1,12/7/2019,1,"EB, BL",21,Seed,98,Peromyscus,leucopus,PELE,F,sm,22,83,19,18,,T031,
Forest,Chittenden,Audubon2,31/05/2019,3,EB,16,Pb,99,Peromyscus,leucopus,PELE,F,sm,23,,,,,,
Forest,Chittenden,Jericho2,5/10/2019,1,BIOL217,23,Seed,100,Peromyscus,leucopus,PELE,F,lg,26,82,20,17,J2E1,J2T1,
Forest,Chittenden,Jericho2,27/05/2020,2,"EB, BL",15A,Seed,101,Peromyscus,leucopus,PELE,F,sm,13,62,18,14,E312,T030,
Forest,Chittenden,Jericho2,28/05/2020,3,"EB, BL",15A,Seed,101,Peromyscus,leucopus,PELE,F,sm,13,62,18,14,,,
Forest,Chittenden,Jericho1,27/05/2020,1,"EB, BL",3B,Seed,102,Peromyscus,leucopus,PELE,F,sm,12,62,17,13,E310,T031,
Forest,Chittenden,Jericho1,27/05/2020,1,"EB, BL",13A,Seed,103,Tamias,striatus,TAST,M,s,101,84,36,,,,
Forest,Chittenden,Jericho1,28/05/2020,2,"EB, BL",15A,Seed,103,Tamias,striatus,TAST,M,s,104,84,36,,,,
Forest,Chittenden,Audubon2,30/05/2020,1,"EB, BL",18B,Seed,104,Peromyscus,leucopus,PELE,F,sm,14,70,19,16,E044,T045,
Forest,Chittenden,Audubon2,24/06/2020,1,"EB, BL",21,Seed,104,Peromyscus,leucopus,PELE,F,sm,,70,19,16,E133,,
Forest,Chittenden,Audubon2,25/06/2020,2,"EB, BL",19B,Seed,104,Peromyscus,leucopus,PELE,F,sm,,70,19,16,E147,,
Forest,Chittenden,Audubon2,19/07/2020,1,"EB, BL",19B,Seed,104,Peromyscus,leucopus,PELE,F,sm,16,70,19,16,E223,,
Forest,Chittenden,Audubon2,20/07/2020,2,"EB, BL",20A,Seed,104,Peromyscus,leucopus,PELE,F,sm,13,70,19,16,E238,,
Forest,Chittenden,Audubon2,21/07/2020,3,"EB, BL",20B,Seed,104,Peromyscus,leucopus,PELE,F,sm,16,70,19,16,E244,,
Forest,Chittenden,Audubon2,30/05/2020,1,"EB, BL",12B,Seed,105,Peromyscus,leucopus,PELE,M,ns,24,75,18,15,E043,T044,
Forest,Chittenden,Audubon2,31/05/2020,2,"EB, BL",21A,Seed,105,Peromyscus,leucopus,PELE,M,ns,26,75,18,15,E058,,
Forest,Chittenden,Audubon2,1/6/2020,3,"EB, BL",20A,Seed,105,Peromyscus,leucopus,PELE,M,ns,22,75,18,15,,,
Forest,Chittenden,Audubon2,25/06/2020,2,"EB, BL",3A,Seed,106,Peromyscus,leucopus,PELE,M,ns,23,83,19,17,E153,,
Forest,Chittenden,Audubon2,19/07/2020,1,"EB, BL",8A,Seed,106,Peromyscus,leucopus,PELE,M,ns,26,83,19,17,E228,,
Forest,Chittenden,Audubon2,21/07/2020,3,"EB, BL",11A,Seed,106,Peromyscus,leucopus,PELE,M,ns,26,83,19,17,E248,,
Forest,Chittenden,Audubon2,30/05/2020,1,"EB, BL",10,Seed,106,Peromyscus,leucopus,PELE,M,ns,27,83,19,17,,T043,
Forest,Chittenden,Audubon2,1/6/2020,3,"EB, BL",10A,Seed,106,Peromyscus,leucopus,PELE,M,ns,28,83,19,17,,,
Forest,Chittenden,Audubon2,24/06/2020,1,"EB, BL",10A,Seed,106,Peromyscus,leucopus,PELE,M,ns,,83,19,17,,,
Forest,Chittenden,Audubon2,20/07/2020,2,"EB, BL",9B,Seed,106,Peromyscus,leucopus,PELE,M,ns,26,83,19,17,,,
Forest,Chittenden,Audubon2,30/05/2020,1,"EB, BL",9,Seed,107,Peromyscus,leucopus,PELE,F,lg,25,74,18,15,E042,T042,
Forest,Chittenden,Audubon2,31/05/2020,2,"EB, BL",15B,Seed,107,Peromyscus,leucopus,PELE,F,lg,25,74,18,15,E055,,
Forest,Chittenden,Audubon2,1/6/2020,3,"EB, BL",13A,Seed,107,Peromyscus,leucopus,PELE,F,sm,20,74,18,15,E063,,
Forest,Chittenden,Audubon2,30/05/2020,1,"EB, BL",3,Seed,108,Peromyscus,leucopus,PELE,M,s,23,6,20,15,E041,T041,
Forest,Chittenden,Audubon2,31/05/2020,2,"EB, BL",8B,Seed,108,Peromyscus,leucopus,PELE,M,s,21,6,20,15,E051,,
Forest,Chittenden,Audubon2,25/06/2020,2,"EB, BL",9B,Seed,108,Peromyscus,leucopus,PELE,M,ns,19,6,20,15,E150,,
Forest,Chittenden,Audubon2,19/07/2020,1,"EB, BL",11A,Seed,108,Peromyscus,leucopus,PELE,M,ns,20,6,20,15,E226,,
Forest,Chittenden,Audubon2,1/6/2020,3,"EB, BL",3A,Seed,108,Peromyscus,leucopus,PELE,M,ns,20,6,20,15,,,
Forest,Chittenden,Audubon2,24/06/2020,1,"EB, BL",3A,Seed,108,Peromyscus,leucopus,PELE,M,ns,,6,20,15,,,
Forest,Chittenden,Audubon2,21/07/2020,3,"EB, BL",9A,Seed,108,Peromyscus,leucopus,PELE,M,ns,19,6,20,15,,,
Forest,Chittenden,Audubon2,20/07/2020,2,"EB, BL",12B,Seed,108,Peromyscus,leucopus,PELE,M,ns,21,6,20,15,,,
Forest,Chittenden,Jericho1,28/05/2020,2,"EB, BL",18A,Seed,109,Peromyscus,leucopus,PELE,M,ns,19,83,22,16,E313,T037,
Forest,Chittenden,Jericho2,29/05/2020,3,"EB, BL",27A,Seed,109,Peromyscus,leucopus,PELE,M,ns,18,83,22,16,,,
Forest,Chittenden,Jericho1,28/05/2020,2,"EB, BL",10A,Seed,110,Peromyscus,leucopus,PELE,M,ns,14,70,,16,,T036,
Forest,Chittenden,Jericho1,28/05/2020,2,"EB, BL",3B,Seed,111,Peromyscus,leucopus,PELE,M,ns,20,73,18,14,,T035,
Forest,Chittenden,Jericho2,21/06/2020,3,"EB, BL",30A,Seed,113,Peromyscus,leucopus,PELE,M,ns,21,93,23,17,E106,,
Forest,Chittenden,Jericho2,15/07/2020,1,EB,21B,Seed,113,Peromyscus,leucopus,PELE,M,ns,22,93,23,17,E192,,
Forest,Chittenden,Jericho2,28/05/2020,3,"EB, BL",30A,Seed,113,Peromyscus,leucopus,PELE,M,ns,21,,22,19,E319,T032,
Forest,Chittenden,Jericho2,20/06/2020,2,"EB, BL",29A,Seed,113,Peromyscus,leucopus,PELE,M,s,22,93,23,17,,,
Forest,Chittenden,Jericho2,16/07/2020,2,EB,23A,Seed,113,Peromyscus,leucopus,PELE,M,ns,21,93,23,17,,,
Farm,Chittenden,Jericho2,17/07/2020,3,"EB, BL",23A,Seed,113,Peromyscus,leucopus,PELE,M,ns,23,93,23,17,,,
Forest,Chittenden,Jericho2,6/10/2019,2,BIOL217,4,Seed,114,Peromyscus,leucopus,PELE,F,lg,18,80,18,14,,J2T10,
Forest,Chittenden,Jericho2,6/10/2019,2,BIOL217,16,Seed,115,Peromyscus,leucopus,PELE,F,lg,25,92,18,17,,J2T9,
Forest,Chittenden,Jericho2,6/10/2019,2,BIOL217,21,Seed,116,Peromyscus,leucopus,PELE,M,s,22,84,18,17,,J2T8,
Forest,Chittenden,Jericho2,6/10/2019,2,BIOL217,19,Seed,117,Peromyscus,leucopus,PELE,F,sm,16,72,18,18,J2E4,J2T7,
Forest,Chittenden,Jericho2,6/10/2019,2,BIOL217,19,Seed,118,Peromyscus,maniculatus,PEMA,F,sm,15,88,20,18,J2E3,J2T6,
Forest,Chittenden,Jericho1,6/10/2019,2,BIOL217,25,Seed,119,Peromyscus,leucopus,PELE,F,lg,34,90,19,18,,J1T9,
Forest,Chittenden,Jericho1,6/10/2019,2,BIOL217,17,Seed,120,Peromyscus,leucopus,PELE,M,ns,31,78,18,15,J1E6,J1T8,
Forest,Chittenden,Jericho1,6/10/2019,2,BIOL217,16,Seed,121,Peromyscus,leucopus,PELE,F,lg,18,81,17,13,,J1T7,
Forest,Chittenden,Jericho1,6/10/2019,2,BIOL217,13,Seed,122,Peromyscus,leucopus,PELE,M,ns,16,75,20,17,J1E5,J1T6,
Forest,Chittenden,Jericho1,6/10/2019,2,BIOL217,6,Seed,123,Peromyscus,maniculatus,PEMA,F,sm,15,85,20,18,,J1T5,went into torpor; died post-handling
Forest,Chittenden,Jericho1,6/10/2019,2,BIOL217,2,Seed,124,Myodes,gapperi,MYGA,F,sm,22,38,17,11,J1E4,,
Forest,Chittenden,Jericho2,5/10/2019,1,BIOL217,6,Seed,125,Peromyscus,leucopus,PELE,F,lg,27,77,19,18,,J2T5,
Forest,Chittenden,Audubon2,31/05/2020,2,"EB, BL",11A,Seed,128,Myodes,gapperi,MYGA,M,s,25,25,16,7,E054,,
Forest,Chittenden,Audubon2,1/6/2020,3,"EB, BL",11A,Seed,128,Myodes,gapperi,MYGA,M,s,24,25,16,7,E064,,
Forest,Chittenden,Audubon2,31/05/2020,2,"EB, BL",18B,Seed,129,Peromyscus,maniculatus,PEMA,M,s,21,78,18,14,E056,T052,
Forest,Chittenden,Audubon2,31/05/2020,2,"EB, BL",20A,Seed,130,Peromyscus,leucopus,PELE,F,sm,16,75,19,15,E057,T053,
Forest,Chittenden,Audubon2,1/6/2020,3,"EB, BL",17A,Seed,130,Peromyscus,leucopus,PELE,F,sm,14,75,19,15,E062,,
Forest,Chittenden,Audubon2,31/05/2020,2,"EB, BL",27A,Seed,131,Peromyscus,leucopus,PELE,F,lg,17,80,18,16,,T054,
Farm,Chittenden,Hort3,13/06/2020,2,"EB, BL",5A,Seed,132,Tamias,striatus,TAST,M,ns,87,90,33,10,E088,,
Farm,Chittenden,Hort3,12/6/2020,1,"EB, BL",8B,Seed,132,Tamias,striatus,TAST,M,ns,87,90,33,10,,,
Forest,Chittenden,Audubon2,1/6/2020,3,"EB, BL",27A,Seed,133,Peromyscus,leucopus,PELE,F,sm,20,72,18,15,E061,T055,
Forest,Chittenden,Audubon2,24/06/2020,1,"EB, BL",24B,Seed,133,Peromyscus,leucopus,PELE,F,sm,,72,18,15,E131,,
Forest,Chittenden,Audubon2,25/06/2020,2,"EB, BL",27B,Seed,133,Peromyscus,leucopus,PELE,F,sm,17,69,19,14,,T098,
Farm,Chittenden,Inter2,3/6/2020,1,"EB, BL",11A,Seed,135,Peromyscus,leucopus,PELE,M,ns,16,62,19,19,E070,T057,
Farm,Chittenden,Inter2,5/6/2020,3,"EB, BL",11B,Seed,136,Peromyscus,leucopus,PELE,F,lg,29,73,19,16,E080,,
Farm,Chittenden,Inter2,3/6/2020,1,"EB, BL",11B,Seed,136,Peromyscus,leucopus,PELE,F,lg,22,73,19,16,,T058,
Forest,Chittenden,Audubon2,1/6/2020,3,"EB, BL",1B,Seed,137,Peromyscus,leucopus,PELE,F,sm,26,86,19,16,E068,T056,
Forest,Chittenden,Jericho2,21/06/2020,3,"EB, BL",1B,Seed,138,Peromyscus,leucopus,PELE,F,sm,15,66,18,13,E111,,
Forest,Chittenden,Jericho2,15/07/2020,1,EB,1B,Seed,138,Peromyscus,leucopus,PELE,F,sm,17,66,18,13,E188,,
Forest,Chittenden,Jericho2,19/06/2020,1,"EB, BL",5B,Seed,138,Peromyscus,leucopus,PELE,F,sm,15,66,18,13,,T074,
Forest,Chittenden,Jericho2,16/07/2020,2,EB,2B,Seed,138,Peromyscus,leucopus,PELE,F,sm,14,66,18,13,,,
Forest,Chittenden,Audubon2,31/05/2020,2,"EB, BL",9A,Seed,139,Myodes,gapperi,MYGA,F,sm,23,34,16,8,E052,,
Forest,Chittenden,Audubon2,1/6/2020,3,"EB, BL",11B,Seed,139,Myodes,gapperi,MYGA,M,ns,21,34,16,8,,,
Forest,Chittenden,Jericho1,21/06/2020,2,"EB, BL",7B,Seed,140,Peromyscus,leucopus,PELE,F,sm,15,80,20,15,E114,,
Farm,Chittenden,Inter2,5/6/2020,3,"EB, BL",8A,Seed,141,Peromyscus,leucopus,PELE,F,sm,17,70,17,14,,T066,
Field,Chittenden,Audubon1,31/05/2020,3,"EB, BL",2A,Seed,142,Zapus,hudsonius,ZAHU,M,s,11,134,28,11,E048,,
Forest,Chittenden,Audubon2,31/05/2020,2,"EB, BL",10B,Seed,143,Napeozapus,insignis,NAIN,F,lg,22,135,28,10,E053,,
Forest,Chittenden,Audubon2,30/05/2020,1,"EB, BL",27A,Seed,143,Napeozapus,insignis,NAIN,F,lg,20,135,28,10,,,
Forest,Chittenden,Audubon2,30/05/2020,1,"EB, BL",25B,Seed,144,Peromyscus,leucopus,PELE,M,s,19,84,19,18,E046,T048,
Forest,Chittenden,Audubon2,1/6/2020,3,"EB, BL",2B,Seed,144,Peromyscus,leucopus,PELE,M,ns,23,84,19,18,,,
Forest,Chittenden,Audubon2,31/05/2020,2,"EB, BL",29B,Seed,145,Peromyscus,leucopus,PELE,F,lg,18,79,19,16,E060,,
Forest,Chittenden,Audubon2,30/05/2020,1,"EB, BL",24A,Seed,145,Peromyscus,leucopus,PELE,F,lg,20,79,19,16,,T046,
Forest,Chittenden,Audubon2,1/6/2020,3,"EB, BL",24A,Seed,145,Peromyscus,leucopus,PELE,F,lg,17,79,19,16,,,
Forest,Chittenden,Jericho2,29/05/2020,3,"EB, BL",15B,Seed,146,Peromyscus,leucopus,PELE,M,ns,14,65,19,15,E039,T040,
Forest,Chittenden,Jericho2,29/05/2020,3,"EB, BL",19A,Seed,147,Peromyscus,leucopus,PELE,F,sm,11,76,19,15,E038,T039,
Forest,Chittenden,Jericho1,28/05/2020,2,"EB, BL",28A,Seed,148,Peromyscus,leucopus,PELE,F,lg,22,79,19,13,E317,T038,
Forest,Chittenden,Jericho1,20/06/2020,1,"EB, BL",28A,Seed,148,Peromyscus,leucopus,PELE,F,lg,21,70,20,13,,,
Forest,Chittenden,Jericho1,28/05/2020,2,"EB, BL",25A,Seed,149,Tamias,striatus,TAST,F,sm,65,96,34,16,E318,,
Forest,Chittenden,Jericho2,27/05/2020,2,"EB, BL",1B,Seed,150,Peromyscus,leucopus,PELE,F,sm,31,24,17,18,E311,,
Forest,Chittenden,Jericho2,26/05/2020,1,"EB, BL",1B,Seed,150,Peromyscus,leucopus,PELE,F,sm,22,24,17,18,E314,T029,
Forest,Chittenden,Jericho2,28/05/2020,3,"EB, BL",5B,Seed,150,Peromyscus,leucopus,PELE,F,sm,20,24,17,18,E315,,
Farm,Chittenden,Inter2,5/6/2020,3,"EB, BL",23B,Seed,151,Zapus,hudsonius,ZAHU,F,lg,21,123,29,17,E075,,
Farm,Chittenden,Inter2,5/6/2020,3,"EB, BL",14A,Seed,152,Microtus,pennsylvanicus,MIPE,F,lg,43,40,19,12,E079,,
Farm,Chittenden,Hort3,12/6/2020,1,"EB, BL",24A,Seed,154,Tamias,striatus,TAST,F,lg,88,,,,,,
Farm,Chittenden,Hort2,13/06/2020,3,"EB, BL",24B,Seed,156,Peromyscus,leucopus,PELE,M,ns,26,78,19,14,E087,T069,
Farm,Chittenden,Hort2,6/7/2020,1,"EB, BL",23A,Seed,156,Peromyscus,leucopus,PELE,M,s,25,78,19,14,E182,,
Farm,Chittenden,Hort2,7/7/2020,2,"EB, BL",23A,Seed,156,Peromyscus,leucopus,PELE,M,s,26,78,19,14,,,
Farm,Chittenden,Hort3,1/8/2020,1,"EB, BL, NS",14A,Seed,157,Peromyscus,leucopus,PELE,M,ns,24,85,20,15,E320,,
Farm,Chittenden,Hort3,13/06/2020,2,"EB, BL",11B,Seed,157,Peromyscus,leucopus,PELE,M,s,24,85,20,15,E089,T070,
Farm,Chittenden,Hort3,7/7/2020,1,"EB, BL",13A,Seed,157,Peromyscus,leucopus,PELE,M,ns,25,85,20,15,E184,,
Farm,Chittenden,Hort3,14/06/2020,3,"EB, BL",12B,Seed,158,Peromyscus,leucopus,PELE,F,lg,24,74,19,14,,T071,
Farm,Chittenden,Hort3,7/7/2020,1,"EB, BL",12B,Seed,158,Peromyscus,leucopus,PELE,F,lg,23,74,19,14,,,
Farm,Chittenden,Hort3,9/7/2020,2,"EB, BL, AS",13A,Seed,158,Peromyscus,leucopus,PELE,F,lg,25,74,19,14,,,
Farm,Chittenden,Hort3,1/8/2020,1,"EB, BL, NS",14B,Seed,158,Peromyscus,leucopus,PELE,F,lg,28,74,19,14,,,
Farm,Chittenden,Hort3,2/8/2020,2,"EB, BL, AS",10A,Seed,158,Peromyscus,leucopus,PELE,F,lg,30,74,19,14,,,
Farm,Chittenden,Hort3,12/6/2020,1,"EB, BL",12B,Seed,159,Tamias,striatus,TAST,M,ns,78,51,23,,,,
Farm,Chittenden,Hort3,14/06/2020,3,"EB, BL",11B,Seed,159,Tamias,striatus,TAST,M,ns,76,51,23,,,,
Farm,Chittenden,Hort3,14/06/2020,3,"EB, BL",9A,Seed,160,Peromyscus,leucopus,PELE,M,ns,20,69,18,13,,T072,
Farm,Chittenden,Hort3,7/7/2020,1,"EB, BL",11A,Seed,160,Peromyscus,leucopus,PELE,M,ns,20,69,18,13,,,
Farm,Chittenden,Hort3,9/7/2020,2,"EB, BL, AS",10A,Seed,160,Peromyscus,leucopus,PELE,M,s,20,69,18,13,,,
Farm,Chittenden,Hort3,1/8/2020,1,"EB, BL, NS",10B,Seed,160,Peromyscus,leucopus,PELE,M,ns,20,69,18,13,,,
Farm,Chittenden,Hort3,3/8/2020,3,"EB, BL",9B,Seed,160,Peromyscus,leucopus,PELE,M,ns,19,69,18,13,,,
Farm,Chittenden,Hort3,2/8/2020,2,"EB, BL, AS",9B,Seed,160,Peromyscus,leucopus,,M,ns,24,69,18,13,,,
Farm,Chittenden,Inter1,6/6/2020,3,"EB, BL",24A,Seed,161,Microtus,pennsylvanicus,MIPE,M,ns,26,42,19,12,,,
Farm,Chittenden,Inter1,6/6/2020,3,"EB, BL",10B,Seed,162,Zapus,hudsonius,ZAHU,F,sm,19,120,24,11,E086,,
Farm,Chittenden,Inter1,24/07/2020,1,"EB, BL, NS",8A,Seed,163,Zapus,hudsonius,ZAHU,F,sm,19,132,29,10,E253,,
Farm,Chittenden,Inter1,6/6/2020,3,"EB, BL",9A,Seed,163,Zapus,hudsonius,ZAHU,F,sm,18,121,30,12,,,
Farm,Chittenden,Inter1,28/06/2020,1,"EB, BL",8B,Seed,163,Zapus,hudsonius,ZAHU,F,sm,23,132,29,10,,,
Farm,Chittenden,Inter1,29/06/2020,2,"EB, BL",16A,Seed,163,Zapus,hudsonius,ZAHU,F,sm,21,132,29,10,,,
Farm,Chittenden,Inter1,30/06/2020,3,"EB, BL",4A,Seed,163,Zapus,hudsonius,ZAHU,F,sm,21,132,29,10,,,
Farm,Chittenden,Inter1,6/6/2020,3,"EB, BL",4A,Seed,164,Microtus,pennsylvanicus,MIPE,F,sm,47,43,18,13,,,
Farm,Chittenden,Inter1,5/6/2020,2,"EB, BL",26B,Seed,165,Peromyscus,leucopus,PELE,F,sm,22,72,18,15,,T069,
Farm,Chittenden,Inter1,6/6/2020,3,"EB, BL",22A,Seed,165,Peromyscus,leucopus,PELE,F,sm,19,72,18,15,,,
Farm,Chittenden,Inter1,28/06/2020,1,"EB, BL",27B,Seed,165,Peromyscus,leucopus,PELE,F,lg,20,72,18,15,,,
Farm,Chittenden,Inter1,26/07/2020,3,"EB, BL",14A,Seed,165,Peromyscus,leucopus,PELE,F,lg,30,72,18,15,,,
Farm,Chittenden,Inter1,25/07/2020,2,"EB, BL",25B,Seed,166,Peromyscus,leucopus,PELE,M,s,21,66,18,15,E269,,
Farm,Chittenden,Inter1,26/07/2020,3,"EB, BL",27B,Seed,166,Peromyscus,leucopus,PELE,M,s,21,66,18,15,E282,,
Farm,Chittenden,Inter1,5/6/2020,2,"EB, BL",23A,Seed,166,Peromyscus,leucopus,PELE,M,s,15,66,18,15,,T068,
Farm,Chittenden,Inter1,6/6/2020,3,"EB, BL",28A,Seed,166,Peromyscus,leucopus,PELE,M,ns,18,66,18,15,,,
Farm,Chittenden,Inter1,29/06/2020,2,"EB, BL",29B,Seed,166,Peromyscus,leucopus,PELE,M,s,21,66,18,15,,,
Farm,Chittenden,Inter1,5/6/2020,2,"EB, BL",22A,Seed,167,Peromyscus,leucopus,PELE,M,ns,26,68,18,18,E085,T067,
Farm,Chittenden,Inter1,6/6/2020,3,"EB, BL",29B,Seed,167,Peromyscus,leucopus,PELE,M,ns,26,68,18,18,,,
Farm,Chittenden,Inter2,5/6/2020,3,"EB, BL",1A,Seed,168,Microtus,pennsylvanicus,MIPE,F,sm,47,40,19,13,,,
Farm,Chittenden,Inter2,5/6/2020,3,"EB, BL",5B,Seed,169,Microtus,pennsylvanicus,MIPE,M,s,46,53,22,13,E083,,
Farm,Chittenden,Inter2,3/6/2020,1,"EB, BL",14B,Seed,169,Microtus,pennsylvanicus,MIPE,M,ns,46,52,18,8,,,
Farm,Chittenden,Inter2,5/6/2020,3,"EB, BL",6A,Seed,170,Microtus,pennsylvanicus,MIPE,F,sm,21,35,18,10,E082,,
Farm,Chittenden,Inter2,5/6/2020,3,"EB, BL",9A,Seed,171,Microtus,pennsylvanicus,MIPE,M,ns,18,40,19,10,E081,,
Farm,Chittenden,Inter2,3/6/2020,1,"EB, BL",23A,Seed,171,Microtus,pennsylvanicus,MIPE,M,s,35,38,18,11,,,
Farm,Chittenden,Hort3,14/06/2020,3,"EB, BL",7A,Seed,173,Peromyscus,leucopus,PELE,M,ns,15,68,18,13,E090,T073,
Field,Chittenden,Audubon1,31/05/2020,3,"EB, BL",4A,Seed,174,Zapus,hudsonius,ZAHU,F,sm,20,131,2,9,E047,,
Farm,Chittenden,Inter2,5/6/2020,3,"EB, BL",16A,Seed,177,Peromyscus,leucopus,PELE,M,s,22,60,18,16,E078,T065,
Farm,Chittenden,Inter2,3/6/2020,1,"EB, BL",3B,Seed,178,Microtus,pennsylvanicus,MIPE,F,lg,68,41,18,12,E069,,
Farm,Chittenden,Inter2,5/6/2020,3,"EB, BL",4A,Seed,178,Microtus,pennsylvanicus,MIPE,F,sm,43,42,17,12,,,
Farm,Chittenden,Inter2,4/6/2020,2,"EB, BL",6B,Seed,180,Peromyscus,leucopus,PELE,M,s,20,70,18,15,,T059,
Farm,Chittenden,Inter2,4/6/2020,2,"EB, BL",11A,Seed,181,Peromyscus,leucopus,PELE,M,s,18,70,18,15,,T060,
Farm,Chittenden,Inter2,5/6/2020,3,"EB, BL",14B,Seed,181,Peromyscus,leucopus,PELE,M,ns,17,70,18,15,,,
Farm,Chittenden,Inter2,4/6/2020,2,"EB, BL",23,Seed,182,Zapus,hudsonius,ZAHU,M,s,18,124,28,10,E073,,
Farm,Chittenden,Inter2,29/06/2020,3,"EB, BL",9B,Seed,183,Peromyscus,leucopus,PELE,M,s,,79,19,16,E168,,
Farm,Chittenden,Inter2,24/07/2020,2,"EB, BL, NS",7A,Seed,183,Peromyscus,leucopus,PELE,M,s,24,79,19,16,E259,,
Farm,Chittenden,Inter2,4/6/2020,2,"EB, BL",25A,Seed,183,Peromyscus,leucopus,PELE,M,s,24,79,19,16,,T061,
Farm,Chittenden,Inter2,5/6/2020,3,"EB, BL",25B,Seed,183,Peromyscus,leucopus,PELE,M,s,21,79,19,16,,,
Farm,Chittenden,Inter2,27/06/2020,1,"EB, BL",9A,Seed,183,Peromyscus,leucopus,PELE,M,s,24,79,19,16,,,
Farm,Chittenden,Inter2,28/06/2020,2,"EB, BL",7A,Seed,183,Peromyscus,leucopus,PELE,M,s,24,79,19,16,,,
Farm,Chittenden,Inter2,23/07/2020,1,"EB, BL",7A,Seed,183,Peromyscus,leucopus,PELE,M,s,,79,19,16,,,
Farm,Chittenden,Inter2,5/6/2020,3,"EB, BL",21A,Seed,184,Zapus,hudsonius,ZAHU,,,20,112,26,17,E076,,
Farm,Chittenden,Inter2,4/6/2020,2,"EB, BL",26B,Seed,184,Zapus,hudsonius,ZAHU,F,sm,20,112,26,17,,,
Farm,Chittenden,Inter1,4/6/2020,1,"EB, BL",28A,Seed,185,Peromyscus,leucopus,PELE,M,ns,19,65,18,16,E074,T062,
Forest,Chittenden,Audubon2,19/07/2020,1,"EB, BL",20A,Seed,186,Peromyscus,leucopus,PELE,F,sm,17,79,19,16,E221,,
Farm,Chittenden,Inter2,5/6/2020,3,"EB, BL",30B,Seed,186,Peromyscus,leucopus,PELE,F,sm,27,78,18,14,,T063,
Farm,Chittenden,Inter2,27/06/2020,1,"EB, BL",7A,Seed,186,Peromyscus,leucopus,PELE,F,lg,25,78,18,14,,,
Farm,Chittenden,Inter2,28/06/2020,2,"EB, BL",9B,Seed,186,Peromyscus,leucopus,PELE,F,lg,27,78,18,14,,,
Farm,Chittenden,Inter2,29/06/2020,3,"EB, BL",8B,Seed,186,Peromyscus,leucopus,PELE,F,lg,26,78,18,14,,,
Farm,Chittenden,Inter2,27/06/2020,1,"EB, BL",6B,Seed,187,Peromyscus,leucopus,PELE,F,lg,22,72,17,16,E154,,
Farm,Chittenden,Inter2,25/07/2020,3,"EB, BL",7B,Seed,187,Peromyscus,leucopus,PELE,F,lg,31,72,17,16,E271,,
Farm,Chittenden,Inter2,5/6/2020,3,"EB, BL",27A,Seed,187,Peromyscus,leucopus,PELE,F,lg,32,72,17,16,,T064,
Farm,Chittenden,Inter2,28/06/2020,2,"EB, BL",6A,Seed,187,Peromyscus,leucopus,PELE,F,lg,21,72,17,16,,,
Farm,Chittenden,Inter2,29/06/2020,3,"EB, BL",5A,Seed,187,Peromyscus,leucopus,PELE,F,lg,24,72,17,16,,,
Farm,Chittenden,Inter2,5/6/2020,3,"EB, BL",20B,Seed,188,Zapus,hudsonius,ZAHU,M,ns,18,122,26,10,E077,,
Farm,Chittenden,Inter2,5/6/2020,3,"EB, BL",2A,Seed,189,Microtus,pennsylvanicus,MIPE,M,s,60,42,21,12,E084,,
Farm,Chittenden,Inter2,4/6/2020,2,"EB, BL",2A,Seed,189,Microtus,pennsylvanicus,MIPE,M,s,56,42,21,12,,,
Farm,Chittenden,Inter2,3/6/2020,1,"EB, BL",19A,Seed,190,Microtus,pennsylvanicus,MIPE,M,s,49,44,20,13,E071,,
Forest,Chittenden,Audubon2,31/05/2020,2,"EB, BL",8A,Seed,192,Peromyscus,leucopus,PELE,F,sm,25,83,18,16,,T051,
Forest,Chittenden,Audubon2,1/6/2020,3,"EB, BL",1B,Seed,193,Peromyscus,leucopus,PELE,F,sm,,73,15,14,E067,,
Forest,Chittenden,Audubon2,24/06/2020,1,"EB, BL",3B,Seed,193,Peromyscus,leucopus,PELE,F,sm,,73,15,14,E140,,
Forest,Chittenden,Audubon2,25/06/2020,2,"EB, BL",6A,Seed,193,Peromyscus,leucopus,PELE,F,sm,15,73,15,14,E151,,
Forest,Chittenden,Audubon2,20/07/2020,2,"EB, BL",5A,Seed,193,Peromyscus,leucopus,PELE,F,sm,13,73,15,14,E242,,
Forest,Chittenden,Audubon2,31/05/2020,2,"EB, BL",4A,Seed,193,Peromyscus,leucopus,PELE,F,sm,14,73,15,14,,T050,
Forest,Chittenden,Audubon2,19/07/2020,1,"EB, BL",5A,Seed,193,Peromyscus,leucopus,PELE,F,sm,15,73,15,14,,,
Forest,Chittenden,Audubon2,31/05/2020,2,"EB, BL",3A,Seed,194,Napeozapus,insignis,NAIN,F,sm,21,139,27,12,,,
Forest,Chittenden,Audubon2,31/05/2020,2,"EB, BL",1B,Seed,195,Napeozapus,insignis,NAIN,F,lg,27,142,26,11,E050,,
Forest,Chittenden,Audubon2,1/6/2020,3,"EB, BL",1A,Seed,196,Peromyscus,leucopus,PELE,M,ns,24,83,21,18,E066,,
Forest,Chittenden,Audubon2,31/05/2020,2,"EB, BL",1A,Seed,196,Peromyscus,leucopus,PELE,M,ns,24,83,21,18,,T049,
Forest,Chittenden,Audubon2,30/05/2020,1,"EB, BL",22A,Seed,197,Peromyscus,leucopus,PELE,M,ns,16,71,19,14,E045,T046,
Forest,Chittenden,Audubon2,31/05/2020,2,"EB, BL",22B,Seed,197,Peromyscus,leucopus,PELE,M ,ns,17,71,19,14,E059,,
Forest,Chittenden,Audubon2,1/6/2020,3,"EB, BL",8A,Seed,197,Peromyscus,leucopus,PELE,F,lg,26,71,19,14,E065,,
Forest,Chittenden,Jericho2,29/05/2020,3,"EB, BL",5A,Seed,198,Tamias,striatus,TAST,M,ns,85,116,34,17,E040,,
Field,Chittenden,StM2,1/7/2020,2,"EB, BL",17B,Seed,199,Peromyscus,leucopus,PELE,F,lg,26,75,18,13,,T132,
Field,Chittenden,StM2,2/7/2020,3,"EB, BL",17B,Seed,199,Peromyscus,leucopus,PELE,F,lg,27,75,18,13,,,
Forest,Chittenden,Jericho2,19/06/2020,1,"EB, BL",10B,Seed,200,Peromyscus,leucopus,PELE,F,lf,24,88,20,14,E091,,
Forest,Chittenden,Jericho2,28/05/2020,3,"EB, BL",12B,Seed,200,Peromyscus,leucopus,PELE,F,lg,24,89,20,13,E316,T034,
Forest,Chittenden,Jericho2,21/06/2020,3,"EB, BL",10A,Seed,200,Peromyscus,leucopus,PELE,F,lg,21,88,20,14,,,
Forest,Chittenden,Jericho2,15/07/2020,1,EB,13B,Seed,200,Peromyscus,leucopus,PELE,F,sm,22,88,20,14,,,
Forest,Chittenden,Jericho2,16/07/2020,2,EB,17B,Seed,200,Peromyscus,leucopus,PELE,F,sm,20,88,20,14,,,
Farm,Chittenden,Jericho2,17/07/2020,3,"EB, BL",10A,Seed,200,Peromyscus,leucopus,PELE,F,sm,21,88,20,14,,,
Forest,Chittenden,Jericho2,21/06/2020,3,"EB, BL",2A,Seed,201,Peromyscus,leucopus,PELE,M,ns,18,72,18,13,E109,T091,
Forest,Chittenden,Jericho1,21/06/2020,2,"EB, BL",4B,Seed,202,Peromyscus,leucopus,PELE,M,ns,15,79,20,16,,T092,
Forest,Chittenden,Jericho1,22/06/2020,3,"EB, BL",9B,Seed,202,Peromyscus,leucopus,PELE,M,ns,16,79,20,16,,,
Forest,Chittenden,Jericho1,17/07/2020,2,"EB, BL",8A,Seed,202,Peromyscus,leucopus,PELE,M,ns,13,79,20,16,,,
Forest,Chittenden,Jericho1,21/06/2020,2,"EB, BL",5A,Seed,203,Peromyscus,leucopus,PELE,M,ns,16,65,19,13,E112,T093,
Forest,Chittenden,Jericho1,22/06/2020,3,"EB, BL",3A,Seed,203,Peromyscus,leucopus,PELE,M,ns,14,65,19,13,E124,,
Forest,Chittenden,Jericho1,21/06/2020,2,"EB, BL",6B,Seed,204,Tamias,striatus,TAST,M,ns,100,,,,E113,,
Forest,Chittenden,Jericho2,21/06/2020,3,"EB, BL",22A,Seed,205,Peromyscus,leucopus,PELE,F,sm,16,88,18,14,,T089,
Forest,Chittenden,Jericho2,21/06/2020,3,"EB, BL",25A,Seed,206,Peromyscus,leucopus,PELE,F,sm,13,83,19,15,E107,,
Farm,Chittenden,Jericho2,17/07/2020,3,"EB, BL",29A,Seed,206,Peromyscus,leucopus,PELE,F,sm,14,83,19,15,,,
Forest,Chittenden,Jericho2,16/07/2020,2,EB,30B,Seed,207,Peromyscus,leucopus,PELE,F,sm,13,84,20,14,E196,,
Forest,Chittenden,Jericho2,21/06/2020,3,"EB, BL",28B,Seed,207,Peromyscus,leucopus,PELE,,,14,84,20,14,,T088,
Forest,Chittenden,Jericho2,21/06/2020,3,"EB, BL",29A,Seed,208,Peromyscus,leucopus,PELE,M,ns,16,70,15,13,,T087,
Forest,Chittenden,Jericho1,20/06/2020,1,"EB, BL",24B,Seed,209,Peromyscus,leucopus,PELE,M,ns,19,69,18,15,E105,T086,
Forest,Chittenden,Jericho1,21/06/2020,2,"EB, BL",29B,Seed,209,Peromyscus,leucopus,PELE,M,ns,17,69,18,15,E120,,
Forest,Chittenden,Jericho1,20/06/2020,1,"EB, BL",20A,Seed,210,Peromyscus,leucopus,PELE,F,sm,15,82,20,14,,T085,
Forest,Chittenden,Jericho1,21/06/2020,2,"EB, BL",24B,Seed,210,Peromyscus,leucopus,PELE,F,sm,15,82,20,14,,,
Forest,Chittenden,Jericho1,17/07/2020,2,"EB, BL",18A,Seed,210,Peromyscus,leucopus,PELE,F,sm,23,82,20,14,,,
Forest,Chittenden,Jericho1,20/06/2020,1,"EB, BL",17B,Seed,211,Peromyscus,leucopus,PELE,F,sm,11,77,19,14,E104,T084,
Forest,Chittenden,Jericho1,16/07/2020,1,EB,9A,Seed,211,Peromyscus,leucopus,PELE,F,sm,12,77,19,14,,,
Forest,Chittenden,Jericho1,21/06/2020,2,"EB, BL",13B,Seed,212,Peromyscus,leucopus,PELE,M,ns,17,71,19,15,E116,,
Forest,Chittenden,Jericho1,22/06/2020,3,"EB, BL",13B,Seed,212,Peromyscus,leucopus,PELE,M,ns,26,71,19,15,E122,,
Forest,Chittenden,Jericho1,20/06/2020,1,"EB, BL",13A,Seed,212,Peromyscus,leucopus,PELE,M,ns,17,71,19,15,,T083,
Forest,Chittenden,Jericho1,16/07/2020,1,EB,13B,Seed,212,Peromyscus,leucopus,PELE,M,s,19,71,19,15,,,
Forest,Chittenden,Jericho1,17/07/2020,2,"EB, BL",1B,Seed,212,Peromyscus,leucopus,PELE,M,s,17,71,19,15,,,
Forest,Chittenden,Jericho1,20/06/2020,1,"EB, BL",9B,Seed,213,Peromyscus,leucopus,PELE,F,sm,10,61,19,13,E102,T082,
Forest,Chittenden,Jericho1,21/06/2020,2,"EB, BL",15A,Seed,213,Peromyscus,leucopus,PELE,F,sm,14,61,19,13,E117,,
Forest,Chittenden,Jericho1,22/06/2020,3,"EB, BL",13A,Seed,213,Peromyscus,leucopus,PELE,F,sm,12,61,19,13,E121,,
Forest,Chittenden,Jericho1,16/07/2020,1,EB,15B,Seed,213,Peromyscus,leucopus,PELE,F,sm,15,61,19,13,E197,,
Forest,Chittenden,Jericho1,21/06/2020,2,"EB, BL",8B,Seed,214,Peromyscus,leucopus,PELE,M,ns,17,84,20,15,E115,,
Forest,Chittenden,Jericho1,20/06/2020,1,"EB, BL",7A,Seed,214,Peromyscus,leucopus,PELE,M,ns,14,84,20,15,,T081,
Forest,Chittenden,Jericho1,16/07/2020,1,EB,8A,Seed,214,Peromyscus,leucopus,PELE,M,ns,14,84,20,15,,,
Forest,Chittenden,Jericho1,20/06/2020,1,"EB, BL",7B,Seed,215,Peromyscus,leucopus,PELE,M,ns,17,83,19,17,E101,,
Forest,Chittenden,Jericho1,16/07/2020,1,EB,17A,Seed,215,Peromyscus,leucopus,PELE,M,ns,18,83,19,17,,,
Forest,Chittenden,Jericho1,20/06/2020,1,"EB, BL",5A,Seed,216,Tamias,striatus,TAST,M,ns,83,,29,,,,
Forest,Chittenden,Jericho1,20/06/2020,1,"EB, BL",1B,Seed,217,Peromyscus,maniculatus,PEMA,M,ns,20,24,19,14,E100,,
Forest,Chittenden,Jericho1,22/06/2020,3,"EB, BL",3B,Seed,217,Peromyscus,maniculatus,PEMA,M,ns,20,24,19,14,E125,,
Forest,Chittenden,Jericho2,20/06/2020,2,"EB, BL",1B,Seed,218,Peromyscus,maniculatus,PEMA,M,ns,24,85,18,15,E099,T080,
Forest,Chittenden,Jericho2,21/06/2020,3,"EB, BL",1A,Seed,218,Peromyscus,maniculatus,PEMA,M,s,26,85,18,15,E110,,
Forest,Chittenden,Jericho2,15/07/2020,1,EB,7A,Seed,218,Peromyscus,maniculatus,PEMA,M,ns,27,85,18,15,E189,,
Forest,Chittenden,Jericho2,17/07/2020,3,"EB, BL",2B,Seed,218,Peromyscus,maniculatus,PEMA,M,ns,25,85,18,15,E205,,
Forest,Chittenden,Jericho2,16/07/2020,2,EB,5A,Seed,218,Peromyscus,maniculatus,PEMA,M,ns,25,85,18,15,,,
Forest,Chittenden,Jericho2,16/07/2020,2,EB,8A,Seed,219,Peromyscus,leucopus,PELE,M,ns,18,73,19,13,E193,,
Forest,Chittenden,Jericho2,20/06/2020,2,"EB, BL",10B,Seed,219,Peromyscus,leucopus,PELE,M,ns,14,73,19,13,,T079,
Forest,Chittenden,Jericho2,21/06/2020,3,"EB, BL",7A,Seed,219,Peromyscus,leucopus,PELE,M,ns,16,73,19,13,,,
Forest,Chittenden,Jericho2,15/07/2020,1,EB,5A,Seed,219,Peromyscus,leucopus,PELE,M,ns,18,73,19,13,,,
Farm,Chittenden,Jericho2,17/07/2020,3,"EB, BL",5A,Seed,219,Peromyscus,,,,,17,,,,,,
Forest,Chittenden,Jericho2,20/06/2020,2,"EB, BL",21B,Seed,220,Tamias,striatus,TAST,F,s,59,89,33,13,E096,,
Forest,Chittenden,Jericho2,21/06/2020,3,"EB, BL",16A,Seed,220,Tamias,striatus,TAST,F,sm,60,89,33,13,,,
Forest,Chittenden,Jericho2,19/06/2020,1,"EB, BL",28B,Seed,221,Peromyscus,leucopus,PELE,M,ns,19,74,20,13,E095,T078,
Forest,Chittenden,Jericho2,19/06/2020,1,"EB, BL",25A,Seed,222,Peromyscus,leucopus,PELE,M,s,26,83,19,15,E094,T077,
Forest,Chittenden,Jericho2,17/07/2020,3,"EB, BL",25B,Seed,222,Peromyscus,leucopus,PELE,M,s,28,83,19,15,E201,,
Forest,Chittenden,Jericho2,20/06/2020,2,"EB, BL",25B,Seed,222,Peromyscus,leucopus,PELE,M,s,25,83,19,15,,,
Forest,Chittenden,Jericho2,21/06/2020,3,"EB, BL",27A,Seed,222,Peromyscus,leucopus,PELE,M,s,25,83,19,15,,,
Forest,Chittenden,Jericho2,15/07/2020,1,EB,23B,Seed,222,Peromyscus,leucopus,PELE,M,ns,26,83,19,15,,,
Forest,Chittenden,Jericho2,16/07/2020,2,EB,25B,Seed,222,Peromyscus,leucopus,PELE,M,ns,24,83,19,15,,,
Forest,Chittenden,Jericho2,19/06/2020,1,"EB, BL",21A,Seed,223,Peromyscus,leucopus,PELE,M,ns,17,65,18,13,E093,T076,
Forest,Chittenden,Jericho2,17/07/2020,3,"EB, BL",25A,Seed,223,Peromyscus,leucopus,PELE,M,ns,19,65,18,13,E200,,
Forest,Chittenden,Jericho2,20/06/2020,2,"EB, BL",23B,Seed,223,Peromyscus,leucopus,PELE,M,ns,15,65,18,13,,,
Forest,Chittenden,Jericho2,15/07/2020,1,EB,23A,Seed,223,Peromyscus,leucopus,PELE,M,ns,18,65,18,13,,,
Forest,Chittenden,Jericho2,19/06/2020,1,"EB, BL",19B,Seed,224,Peromyscus,leucopus,PELE,M,ns,24,84,17,15,E092,T075,
Forest,Chittenden,Jericho2,20/06/2020,2,"EB, BL",18A,Seed,224,Peromyscus,leucopus,PELE,M,ns,18,84,17,15,E097,,
Forest,Chittenden,Jericho2,17/07/2020,3,"EB, BL",10B,Seed,224,Peromyscus,leucopus,PELE,M,ns,24,84,17,15,E204,,
Forest,Chittenden,Jericho2,28/05/2020,3,"EB, BL",19B,Seed,224,Peromyscus,leucopus,PELE,F,sm,17,70,20,15,,T033,
Forest,Chittenden,Jericho2,21/06/2020,3,"EB, BL",17A,Seed,224,Peromyscus,leucopus,PELE,M,ns,23,84,17,15,,T090,
Forest,Chittenden,Jericho2,15/07/2020,1,EB,13A,Seed,224,Peromyscus,leucopus,PELE,M,ns,24,84,17,15,,,
Forest,Chittenden,Jericho2,16/07/2020,2,EB,13A,Seed,224,Peromyscus,leucopus,PELE,M,ns,24,84,17,15,,,
Forest,Chittenden,Jericho2,20/06/2020,2,"EB, BL",15B,Seed,225,Peromyscus,leucopus,PELE,F,s,17,71,17,14,E098,,
Forest,Chittenden,Jericho2,21/06/2020,3,"EB, BL",15A,Seed,225,Peromyscus,leucopus,PELE,F,sm,14,71,17,14,E108,,
Forest,Chittenden,Jericho2,15/07/2020,1,EB,15B,Seed,225,Peromyscus,leucopus,PELE,F,sm,16,71,17,14,E190,,
Forest,Chittenden,Jericho2,16/07/2020,2,EB,19A,Seed,225,Peromyscus,leucopus,PELE,F,sm,17,71,17,14,E194,,
Forest,Chittenden,Jericho2,19/06/2020,1,"EB, BL",17A,Seed,225,Peromyscus,leucopus,PELE,F,sm,15,71,17,14,,,
Field,Chittenden,Audubon1,23/06/2020,2,"EB, BL",30A,Seed,226,Microtus,pennsylvanicus,MIPE,F,sm,49,49,20,11,,,
Field,Chittenden,Audubon1,23/06/2020,2,"EB, BL",30B,Seed,227,Microtus,pennsylvanicus,MIPE,M,ns,64,45,19,12,,,
Field,Chittenden,Audubon1,24/06/2020,3,"EB, BL",25A,Seed,228,Zapus,hudsonius,ZAHU,M,s,18,119,28,12,E128,,
Field,Chittenden,Audubon1,24/06/2020,3,"EB, BL",24B,Seed,230,Zapus,hudsonius,ZAHU,F,sm,18,112,26,11,,,
Field,Chittenden,Audubon1,19/07/2020,2,"EB, BL",21A,Seed,230,Zapus,hudsonius,ZAHU,F,sm,17,112,26,11,,,
Field,Chittenden,Audubon1,24/06/2020,3,"EB, BL",22A,Seed,231,Zapus,hudsonius,ZAHU,F,sm,19,118,27,11,,,
Field,Chittenden,Audubon1,24/06/2020,3,"EB, BL",25B,Seed,232,Zapus,hudsonius,ZAHU,F,lg,17,117,29,12,E129,,
Field,Chittenden,Audubon1,23/06/2020,2,"EB, BL",27A,Seed,232,Zapus,hudsonius,ZAHU,F,sm,18,117,29,12,,,
Field,Chittenden,Audubon1,23/06/2020,2,"EB, BL",25A,Seed,233,Microtus,pennsylvanicus,MIPE,F,sm,43,49,18,9,,,
Field,Chittenden,Audubon1,23/06/2020,2,"EB, BL",24A,Seed,234,Zapus,hudsonius,ZAHU,F,sm,21,128,30,12,,,
Field,Chittenden,Audubon1,31/05/2020,3,"EB, BL",1A,Seed,235,Zapus,hudsonius,ZAHU,M,s,18,118,27,12,E049,,
Field,Chittenden,Audubon1,23/06/2020,2,"EB, BL",22B,Seed,235,Zapus,hudsonius,ZAHU,M,ns,20,117,27,11,,,
Field,Chittenden,Audubon1,23/06/2020,2,"EB, BL",12A,Seed,236,Microtus,pennsylvanicus,MIPE,F,sm,35,39,19,10,,,
Field,Chittenden,Audubon1,23/06/2020,2,"EB, BL",11B,Seed,237,Zapus,hudsonius,ZAHU,F,sm,15,113,27,11,,,
Field,Chittenden,Audubon1,18/07/2020,1,"EB, BL, AS",15A,Seed,237,Zapus,hudsonius,ZAHU,F,lg,16,113,27,11,,,
Field,Chittenden,Audubon1,20/07/2020,3,"EB, BL",3A,Seed,237,Zapus,hudsonius,ZAHU,F,lg,21,113,27,11,,,
Field,Chittenden,Audubon1,23/06/2020,2,"EB, BL",9A,Seed,238,Zapus,hudsonius,ZAHU,F,sm,20,131,29,10,,,
Field,Chittenden,Audubon1,24/06/2020,3,"EB, BL",23A,Seed,238,Zapus,hudsonius,ZAHU,F,lg,24,131,29,10,,,
Field,Chittenden,Audubon1,23/06/2020,2,"EB, BL",2B,Seed,239,Zapus,hudsonius,ZAHU,F,lg,26,125,27,11,,,
Field,Chittenden,Audubon1,24/06/2020,3,"EB, BL",3A,Seed,239,Zapus,hudsonius,ZAHU,F,lg,26,125,27,11,,,
Field,Chittenden,Audubon1,18/07/2020,1,"EB, BL, AS",6A,Seed,239,Zapus,hudsonius,ZAHU,F,lg,20,125,27,11,,,
Field,Chittenden,Audubon1,19/07/2020,2,"EB, BL",2B,Seed,239,Zapus,hudsonius,ZAHU,F,lg,22,125,27,11,,,
Field,Chittenden,Audubon1,22/06/2020,1,"EB, BL",29A,Seed,240,Zapus,hudsonius,ZAHU,F,sm,,123,27,11,,,
Field,Chittenden,Audubon1,24/06/2020,3,"EB, BL",28A,Seed,240,Zapus,hudsonius,ZAHU,M,ns,19,123,27,11,,,
Field,Chittenden,Audubon1,22/06/2020,1,"EB, BL",25B,Seed,241,Microtus,pennsylvanicus,MIPE,F,sm,40,47,19,13,E127,,
Field,Chittenden,Audubon1,22/06/2020,1,"EB, BL",16B,Seed,243,Zapus,hudsonius,ZAHU,M,ns,19,129,29,13,,,
Forest,Chittenden,Jericho1,22/06/2020,3,"EB, BL",2B,Seed,244,Tamias,striatus,TAST,F,lg,99,93,30,13,,,
Forest,Chittenden,Jericho1,22/06/2020,3,"EB, BL",4B,Seed,245,Tamias,striatus,TAST,M,ns,89,100,35,15,,,
Forest,Chittenden,Jericho1,22/06/2020,3,"EB, BL",7B,Seed,246,Peromyscus,leucopus,PELE,F,sm,13,65,18,15,E123,T097,
Forest,Chittenden,Jericho1,22/06/2020,3,"EB, BL",15B,Seed,247,Peromyscus,leucopus,PELE,F,sm,17,,20,16,,T096,
Forest,Chittenden,Jericho1,17/07/2020,2,"EB, BL",15A,Seed,247,Peromyscus,leucopus,PELE,F,sm,16,,20,16,,,
Farm,Chittenden,Jericho1,18/07/2020,3,"EB, BL, AS",14B,Seed,247,Peromyscus,leucopus,PELE,F,sm,17,,20,16,,,
Forest,Chittenden,Jericho1,21/06/2020,2,"EB, BL",24A,Seed,248,Peromyscus,leucopus,PELE,F,sm,15,67,12,13,E119,T095,
Forest,Chittenden,Jericho1,21/06/2020,2,"EB, BL",20B,Seed,249,Peromyscus,leucopus,PELE,M,ns,16,63,18,14,E118,T094,
Forest,Chittenden,Jericho1,22/06/2020,3,"EB, BL",22B,Seed,249,Peromyscus,leucopus,PELE,M,s,16,63,18,14,,,
Forest,Chittenden,Jericho1,16/07/2020,1,EB,23B,Seed,249,Peromyscus,leucopus,PELE,M,ns,16,63,18,14,,,
Forest,Chittenden,Jericho1,21/06/2020,2,"EB, BL",10A,Seed,250,Tamias,striatus,TAST,F,sm,76,94,33,,,,
Farm,Chittenden,Inter2,27/06/2020,1,"EB, BL",1B,Seed,251,Peromyscus,leucopus,PELE,M,ns,15,74,18,14,,T107,
Farm,Chittenden,Inter2,28/06/2020,2,"EB, BL",1A,Seed,251,Peromyscus,leucopus,PELE,M,ns,15,74,18,14,,,
Farm,Chittenden,Inter2,29/06/2020,3,"EB, BL",1A,Seed,251,Peromyscus,leucopus,PELE,M,ns,13,74,18,14,,,
Farm,Chittenden,Inter2,29/06/2020,3,"EB, BL",23A,Seed,251,Peromyscus,leucopus,PELE,F,lg,,74,18,14,,,
Farm,Chittenden,Inter1,28/06/2020,1,"EB, BL",4A,Seed,252,Zapus,hudsonius,ZAHU,F,sm,23,118,27,11,,,
Farm,Chittenden,Inter1,29/06/2020,2,"EB, BL",3A,Seed,252,Zapus,hudsonius,ZAHU,M,ns,19,118,27,11,,,
Farm,Chittenden,Inter1,30/06/2020,3,"EB, BL",3B,Seed,252,Zapus,hudsonius,ZAHU,M,ns,19,118,27,11,,,
Farm,Chittenden,Inter1,28/06/2020,1,"EB, BL",7A,Seed,253,Zapus,hudsonius,ZAHU,M,ns,17,121,29,10,E156,,
Farm,Chittenden,Inter1,28/06/2020,1,"EB, BL",7B,Seed,254,Zapus,hudsonius,ZAHU,M,s,19,115,25,9,E157,,
Farm,Chittenden,Inter1,29/06/2020,2,"EB, BL",4B,Seed,254,Zapus,hudsonius,ZAHU,M,s,16,115,25,9,,T118,
Farm,Chittenden,Inter1,28/06/2020,1,"EB, BL",8A,Seed,255,Zapus,hudsonius,ZAHU,F,lg,27,124,28,9,E158,,
Farm,Chittenden,Inter1,30/06/2020,3,"EB, BL",12,Seed,255,Zapus,hudsonius,ZAHU,F,lg,,126,27,9,,,
Farm,Chittenden,Inter2,28/06/2020,2,"EB, BL",18B,Seed,256,Peromyscus,leucopus,PELE,F,lg,25,72,20,14,E162,T114,
Farm,Chittenden,Inter2,28/06/2020,2,"EB, BL",11A,Seed,257,Peromyscus,leucopus,PELE,M,s,22,72,19,13,,T113,
Farm,Chittenden,Inter2,28/06/2020,2,"EB, BL",1A,Seed,258,Peromyscus,leucopus,PELE,F,lg,22,83,19,16,,T112,
Farm,Chittenden,Inter2,25/07/2020,3,"EB, BL",4A,Seed,258,Peromyscus,leucopus,PELE,F,lg,21,83,19,16,,,
Farm,Chittenden,Inter2,28/06/2020,2,"EB, BL",23A,Seed,259,Peromyscus,leucopus,PELE,F,lg,25,80,18,12,E163,T116,
Farm,Chittenden,Inter2,24/07/2020,2,"EB, BL, NS",24B,Seed,259,Peromyscus,leucopus,PELE,F,lg,27,80,18,12,E263,,
Farm,Chittenden,Inter2,23/07/2020,1,"EB, BL",24A,Seed,259,Peromyscus,leucopus,PELE,F,lg,,80,18,12,,,
Farm,Chittenden,Inter2,25/07/2020,3,"EB, BL",24B,Seed,259,Peromyscus,leucopus,PELE,F,lg,23,80,18,12,,,
Farm,Chittenden,Inter1,28/06/2020,1,"EB, BL",24B,Seed,260,Zapus,hudsonius,ZAHU,F,sm,22,131,29,10,,,
Farm,Chittenden,Inter1,30/06/2020,3,"EB, BL",20A,Seed,260,Zapus,hudsonius,ZAHU,F,sm,22,131,29,10,,,
Farm,Chittenden,Inter1,28/06/2020,1,"EB, BL",11A,Seed,261,Zapus,hudsonius,ZAHU,F,sm,17,128,28,10,,,
Farm,Chittenden,Inter1,28/06/2020,1,"EB, BL",15B,Seed,262,Zapus,hudsonius,ZAHU,F,sm,18,120,28,10,,,
Farm,Chittenden,Inter1,30/06/2020,3,"EB, BL",15A,Seed,262,Zapus,hudsonius,ZAHU,F,sm,18,120,28,10,,,
Farm,Chittenden,Inter1,28/06/2020,1,"EB, BL",26B,Seed,263,Peromyscus,leucopus,PELE,M,s,29,68,19,16,,,
Farm,Chittenden,Inter1,24/07/2020,1,"EB, BL, NS",25A,Seed,263,Peromyscus,leucopus,PELE,M,s,26,68,19,16,,,
Farm,Chittenden,Inter1,28/06/2020,1,"EB, BL",26A,Seed,264,Zapus,hudsonius,ZAHU,M,s,17,111,26,10,E159,,
Farm,Chittenden,Inter1,28/06/2020,1,"EB, BL",29A,Seed,265,Zapus,hudsonius,ZAHU,F,sm,19,131,26,10,E160,,
Farm,Chittenden,Inter1,30/06/2020,3,"EB, BL",7B,Seed,265,Zapus,hudsonius,ZAHU,F,sm,19,131,26,10,,,
Farm,Chittenden,Inter2,28/06/2020,2,"EB, BL",20B,Seed,266,Peromyscus,leucopus,PELE,M,s,22,73,17,13,,T115,
Farm,Chittenden,Inter1,28/06/2020,1,"EB, BL",21A,Seed,267,Peromyscus,leucopus,PELE,M,s,19,83,20,15,,T111,
Farm,Chittenden,Inter2,28/06/2020,2,"EB, BL",23B,Seed,268,Peromyscus,leucopus,PELE,M,s,20,75,18,13,,T117,
Forest,Chittenden,Audubon2,25/06/2020,2,"EB, BL",16A,Seed,269,Napeozapus,insignis,NAIN,F,sm,21,135,30,12,E149,,
Forest,Chittenden,Audubon2,25/06/2020,2,"EB, BL",3B,Seed,270,Peromyscus,leucopus,PELE,M,ns,16,68,19,13,,T105,
Forest,Chittenden,Audubon2,25/06/2020,2,"EB, BL",7B,Seed,271,Myodes,gapperi,MYGA,M,ns,18,36,16,9,,,
Forest,Chittenden,Audubon2,24/06/2020,1,"EB, BL",16A,Seed,272,Peromyscus,leucopus,PELE,,,,,,,E136,,
Forest,Chittenden,Audubon2,25/06/2020,2,"EB, BL",14B,Seed,272,Peromyscus,leucopus,PELE,M,ns,13,66,19,13,,T013,
Forest,Chittenden,Audubon2,19/07/2020,1,"EB, BL",13B,Seed,272,Peromyscus,leucopus,PELE,M,ns,14,66,19,13,,,
Forest,Chittenden,Audubon2,24/06/2020,1,"EB, BL",29B,Seed,273,Peromyscus,maniculatus,PEMA,,,,,,,,,
Field,Chittenden,Audubon1,24/06/2020,3,"EB, BL",14A,Seed,274,Zapus,hudsonius,ZAHU,M,s,17,122,27,12,,,
Field,Chittenden,Audubon1,24/06/2020,3,"EB, BL",21B,Seed,275,Microtus,pennsylvanicus,MIPE,M,ns,58,45,19,12,E130,,
Forest,Chittenden,Audubon2,24/06/2020,1,"EB, BL",13A,Seed,277,Peromyscus,leucopus,PELE,,,,,,,E137,,
Forest,Chittenden,Audubon2,24/06/2020,1,"EB, BL",12B,Seed,278,Peromyscus,leucopus,PELE,,,,,,,E138,,
Forest,Chittenden,Audubon2,24/06/2020,1,"EB, BL",11B,Seed,279,Peromyscus,leucopus,PELE,,,,,,,E139,,
Forest,Chittenden,Audubon2,25/06/2020,2,"EB, BL",6B,Seed,280,Peromyscus,leucopus,PELE,F,sm,20,80,17,13,E152,,
Forest,Chittenden,Audubon2,19/07/2020,1,"EB, BL",5B,Seed,280,Peromyscus,leucopus,PELE,F,sm,14,80,17,13,E229,,
Forest,Chittenden,Audubon2,24/06/2020,1,"EB, BL",5B,Seed,280,Peromyscus,leucopus,PELE,F,sm,,80,17,13,,,
Forest,Chittenden,Audubon2,21/07/2020,3,"EB, BL",10A,Seed,280,Peromyscus,leucopus,PELE,F,sm,21,80,17,13,,,
Forest,Chittenden,Audubon2,25/06/2020,2,"EB, BL",30A,Seed,282,Peromyscus,leucopus,PELE,M,ns,15,69,18,15,E141,T096,
Farm,Chittenden,Inter2,27/06/2020,1,"EB, BL",20B,Seed,283,Peromyscus,leucopus,PELE,F,lg,23,,,,E155,T109,
Farm,Chittenden,Inter2,29/06/2020,3,"EB, BL",20B,Seed,283,Peromyscus,leucopus,PELE,F,lg,,,,,,,
Farm,Chittenden,Inter2,23/07/2020,1,"EB, BL",21B,Seed,283,Peromyscus,leucopus,PELE,F,lg,,,,,,,
Farm,Chittenden,Inter2,24/07/2020,2,"EB, BL, NS",20A,Seed,283,Peromyscus,leucopus,PELE,F,lg,21,,,,,,
Forest,Chittenden,Audubon2,25/06/2020,2,"EB, BL",24B,Seed,284,Peromyscus,leucopus,PELE,F,sm,15,80,19,13,E144,T100,
Forest,Chittenden,Audubon2,25/06/2020,2,"EB, BL",23,Seed,285,Peromyscus,leucopus,PELE,M,ns,21,75,19,13,E145,T101,
Forest,Chittenden,Audubon2,20/07/2020,2,"EB, BL",30B,Seed,285,Peromyscus,leucopus,PELE,M,ns,,75,19,13,E235,,
Forest,Chittenden,Audubon2,19/07/2020,1,"EB, BL",29A,Seed,285,Peromyscus,leucopus,PELE,M,s,22,75,19,13,,,
Forest,Chittenden,Audubon2,25/06/2020,2,"EB, BL",16A,Seed,286,Peromyscus,leucopus,PELE,F,sm,19,,,,,,
Forest,Chittenden,Audubon2,20/07/2020,2,"EB, BL",17B,Seed,286,Peromyscus,leucopus,PELE,F,sm,18,,,,,,
Forest,Chittenden,Audubon2,25/06/2020,2,"EB, BL",24A,Seed,287,Peromyscus,leucopus,PELE,F,sm,19,69,19,14,E143,T099,
Farm,Chittenden,Inter2,27/06/2020,1,"EB, BL",1A,Seed,288,Peromyscus,leucopus,PELE,M,s,16,81,18,14,,T106,
Farm,Chittenden,Inter2,28/06/2020,2,"EB, BL",1B,Seed,288,Peromyscus,leucopus,PELE,M,ns,14,81,18,14,,,
Farm,Chittenden,Inter2,27/06/2020,1,"EB, BL",17B,Seed,289,Microtus,pennsylvanicus,MIPE,M,ns,55,44,17,12,,,
Forest,Chittenden,Audubon2,25/06/2020,2,"EB, BL",5A,Seed,290,Peromyscus,leucopus,PELE,F,sm,7,66,16,15,,T104,
Farm,Chittenden,Inter2,28/06/2020,2,"EB, BL",5A,Seed,291,Peromyscus,leucopus,PELE,M,ns,18,75,16,13,E161,,
Farm,Chittenden,Inter2,27/06/2020,1,"EB, BL",5A,Seed,291,Peromyscus,leucopus,PELE,M,ns,17,75,16,13,,T108,
Forest,Chittenden,Audubon2,25/06/2020,2,"EB, BL",20A,Seed,292,Peromyscus,leucopus,PELE,M,s,17,94,19,17,,,
Forest,Chittenden,Audubon2,21/07/2020,3,"EB, BL",19A,Seed,292,Peromyscus,leucopus,PELE,M,s,19,94,19,17,,,
Forest,Chittenden,Audubon2,25/06/2020,2,"EB, BL",12B,Seed,293,Myodes,gapperi,MYGA,M,ns,15,35,16,8,,,
Farm,Chittenden,Inter2,24/07/2020,2,"EB, BL, NS",24A,Seed,294,Peromyscus,leucopus,PELE,M,s,23,68,17,13,E262,,
Farm,Chittenden,Inter2,25/07/2020,3,"EB, BL",23B,Seed,294,Peromyscus,leucopus,PELE,M,s,19,68,17,13,E275,,
Farm,Chittenden,Inter2,27/06/2020,1,"EB, BL",24A,Seed,294,Peromyscus,leucopus,PELE,M,s,22,68,17,13,,T110,
Farm,Chittenden,Inter2,23/07/2020,1,"EB, BL",25A,Seed,294,Peromyscus,leucopus,PELE,M,s,,68,17,13,,,
Forest,Chittenden,Audubon2,24/06/2020,1,"EB, BL",20A,Seed,296,Peromyscus,maniculatus,PEMA,,,,,,,E135,,
Forest,Chittenden,Audubon2,20/07/2020,2,"EB, BL",22B,Seed,296,Peromyscus,maniculatus,PEMA,,,23,,,,E237,,
Forest,Chittenden,Audubon2,21/07/2020,3,"EB, BL",21A,Seed,296,Peromyscus,maniculatus,PEMA,,,20,,,,,,
Forest,Chittenden,Audubon2,24/06/2020,1,"EB, BL",20B,Seed,298,Peromyscus,leucopus,PELE,M,ns,,71,18,13,E134,,
Forest,Chittenden,Audubon2,25/06/2020,2,"EB, BL",18,Seed,298,Peromyscus,leucopus,PELE,M,ns,19,71,18,13,E148,,
Forest,Chittenden,Audubon2,19/07/2020,1,"EB, BL",20B,Seed,298,Peromyscus,leucopus,PELE,M,ns,22,71,18,13,E222,,
Forest,Chittenden,Audubon2,20/07/2020,2,"EB, BL",19A,Seed,298,Peromyscus,leucopus,PELE,M,ns,21,71,18,13,E239,,
Forest,Chittenden,Audubon2,21/07/2020,3,"EB, BL",15A,Seed,298,Peromyscus,leucopus,PELE,M,ns,20,71,18,13,E246,,
Forest,Chittenden,Audubon2,24/06/2020,1,"EB, BL",22,Seed,299,Peromyscus,leucopus,PELE,M,ns,,71,18,14,E132,,
Forest,Chittenden,Audubon2,25/06/2020,2,"EB, BL",21,Seed,299,Peromyscus,leucopus,PELE,M,ns,13,71,18,14,E146,T102,
Forest,Chittenden,Audubon2,25/06/2020,2,"EB, BL",28B,Seed,300,Peromyscus,leucopus,PELE,F,sm,13,76,18,13,E142,T097,
Forest,Chittenden,Audubon2,24/06/2020,1,"EB, BL",27B,Seed,300,Peromyscus,leucopus,PELE,F,sm,,76,18,13,,,
Forest,Chittenden,Audubon2,21/07/2020,3,"EB, BL",25B,Seed,300,Peromyscus,leucopus,PELE,F,sm,16,76,18,13,,,
Farm,Chittenden,Inter2,29/06/2020,3,"EB, BL",1B,Seed,301,Peromyscus,leucopus,PELE,F,lg,33,87,18,13,E166,T121,
Farm,Chittenden,Inter2,29/06/2020,3,"EB, BL",5B,Seed,302,Zapus,hudsonius,ZAHU,F,sm,19,120,27,10,,,
Farm,Chittenden,Inter2,25/07/2020,3,"EB, BL",18B,Seed,303,Peromyscus,leucopus,PELE,M,s,22,74,19,14,E274,,
Farm,Chittenden,Inter2,29/06/2020,3,"EB, BL",17B,Seed,303,Peromyscus,leucopus,PELE,M,ns,,75,19,13,,T125,
Farm,Chittenden,Inter2,23/07/2020,1,"EB, BL",16B,Seed,303,Peromyscus,leucopus,PELE,M,ns,,75,19,13,,,
Farm,Chittenden,Inter2,24/07/2020,2,"EB, BL, NS",18A,Seed,303,Peromyscus,leucopus,PELE,M,ns,24,75,19,13,,,
Farm,Chittenden,Inter2,29/06/2020,3,"EB, BL",15A,Seed,304,Peromyscus,leucopus,PELE,F,lg,,75,19,14,,T124,
Farm,Chittenden,Inter2,24/07/2020,2,"EB, BL, NS",16A,Seed,304,Peromyscus,leucopus,PELE,F,lg,24,75,19,14,,,
Farm,Chittenden,Inter1,30/06/2020,3,"EB, BL",1A,Seed,305,Zapus,hudsonius,ZAHU,M,s,,102,28,9,E172,,
Forest,Chittenden,Jericho1,16/07/2020,1,EB,20B,Seed,306,Peromyscus,maniculatus,PEMA,M,ns,16,83,20,16,E198,T150,
Farm,Chittenden,Inter2,29/06/2020,3,"EB, BL",6A,Seed,307,Peromyscus,leucopus,PELE,M,ns,19,87,16,13,E167,T122,
Farm,Chittenden,Inter2,29/06/2020,3,"EB, BL",13B,Seed,308,Microtus,pennsylvanicus,MIPE,M,ns,,40,19,8,,,
Farm,Chittenden,Inter1,30/06/2020,3,"EB, BL",21A,Seed,309,Zapus,hudsonius,ZAHU,F,sm,,136,30,10,,,
Field,Chittenden,StM2,2/7/2020,3,"EB, BL",13B,Seed,310,Microtus,pennsylvanicus,MIPE,M,s,59,31,17,10,,,
Farm,Chittenden,Inter1,30/06/2020,3,"EB, BL",13B,Seed,311,Zapus,hudsonius,ZAHU,,,,,,,,,
Farm,Chittenden,Inter1,30/06/2020,3,"EB, BL",11B,Seed,312,Zapus,hudsonius,ZAHU,M,s,,110,25,10,E175,,
Farm,Chittenden,Inter1,30/06/2020,3,"EB, BL",11A,Seed,313,Zapus,hudsonius,ZAHU,M,s,,120,27,9,E174,,
Farm,Chittenden,Inter2,29/06/2020,3,"EB, BL",26B,Seed,314,Peromyscus,leucopus,PELE,M,ns,,71,17,15,E171,T127,
Farm,Chittenden,Inter2,23/07/2020,1,"EB, BL",30B,Seed,314,Peromyscus,leucopus,PELE,M,ns,,71,17,15,E251,,
Farm,Chittenden,Inter2,25/07/2020,3,"EB, BL",25A,Seed,314,Peromyscus,leucopus,PELE,M,ns,22,71,17,15,E276,,
Farm,Chittenden,Inter2,24/07/2020,2,"EB, BL, NS",27B,Seed,314,Peromyscus,leucopus,PELE,M,ns,23,71,17,15,,,
Farm,Chittenden,Inter2,29/06/2020,3,"EB, BL",3B,Seed,315,Microtus,pennsylvanicus,MIPE,F,lg,43,55,17,7,,,
Farm,Chittenden,Inter1,29/06/2020,2,"EB, BL",21A,Seed,316,Peromyscus,leucopus,PELE,M,s,22,79,19,13,,T120,
Farm,Chittenden,Inter1,29/06/2020,2,"EB, BL",18B,Seed,317,Zapus,hudsonius,ZAHU,F,sm,22,116,27,10,,,
Farm,Chittenden,Inter1,30/06/2020,3,"EB, BL",19B,Seed,317,Zapus,hudsonius,ZAHU,F,sm,22,116,27,10,,,
Farm,Chittenden,Inter1,29/06/2020,2,"EB, BL",16B,Seed,318,Microtus,pennsylvanicus,MIPE,F,sm,32,36,17,8,,,
Farm,Chittenden,Inter1,30/06/2020,3,"EB, BL",16A,Seed,318,Microtus,pennsylvanicus,MIPE,F,sm,32,36,17,8,,,
Farm,Chittenden,Inter1,29/06/2020,2,"EB, BL",11B,Seed,319,Zapus,hudsonius,ZAHU,F,sm,21,120,29,10,E165,,
Farm,Chittenden,Inter1,29/06/2020,2,"EB, BL",11A,Seed,320,Zapus,hudsonius,ZAHU,F,sm,19,124,29,,,,
Farm,Chittenden,Inter1,29/06/2020,2,"EB, BL",10B,Seed,321,Zapus,hudsonius,ZAHU,M,s,17,100,27,8,,,
Farm,Chittenden,Inter1,30/06/2020,3,"EB, BL",5A,Seed,321,Zapus,hudsonius,ZAHU,M,s,17,100,27,8,,,
Farm,Chittenden,Inter1,29/06/2020,2,"EB, BL",10A,Seed,322,Zapus,hudsonius,ZAHU,M,s,14,113,28,10,E164,T119,
Farm,Chittenden,Inter1,29/06/2020,2,"EB, BL",5A,Seed,323,Peromyscus,leucopus,PELE,M,s,20,79,17,13,,,
Farm,Chittenden,Inter1,29/06/2020,2,"EB, BL",4A,Seed,324,Peromyscus,leucopus,PELE,F,sm,26,76,18,12,,,
Farm,Chittenden,Inter1,24/07/2020,1,"EB, BL, NS",4A,Seed,324,Peromyscus,leucopus,PELE,F,sm,,76,18,12,,,
Farm,Chittenden,Inter1,26/07/2020,3,"EB, BL",4A,Seed,324,Peromyscus,leucopus,PELE,F,sm,22,76,18,12,,,
Farm,Chittenden,Inter2,28/06/2020,2,"EB, BL",26A,Seed,325,Peromyscus,leucopus,PELE,M,s,25,52,18,15,,T119,
Farm,Chittenden,Inter2,24/07/2020,2,"EB, BL, NS",27A,Seed,325,Peromyscus,leucopus,PELE,M,s,24,52,18,15,,,
Farm,Chittenden,Inter2,25/07/2020,3,"EB, BL",27A,Seed,325,Peromyscus,leucopus,PELE,M,s,22,52,18,15,,,
Field,Chittenden,StM2,2/7/2020,3,"EB, BL",22B,Seed,375,Microtus,pennsylvanicus,MIPE,F,sm,31,46,16,7,,,
Farm,Chittenden,Inter1,30/06/2020,3,"EB, BL",23A,Seed,326,Zapus,hudsonius,ZAHU,M,s,,111,26,9,,,
Farm,Chittenden,Inter1,30/06/2020,3,"EB, BL",26B,Seed,327,Zapus,hudsonius,ZAHU,F,lg,,114,27,10,,,
Farm,Chittenden,Inter1,30/06/2020,3,"EB, BL",29B,Seed,328,Zapus,hudsonius,ZAHU,M,ns,,119,29,9,E176,,
Farm,Chittenden,Inter1,25/07/2020,2,"EB, BL",26B,Seed,329,Peromyscus,leucopus,PELE,F,lg,26,88,20,12,E270,,
Farm,Chittenden,Inter1,30/06/2020,3,"EB, BL",28A,Seed,329,Peromyscus,leucopus,PELE,F,lg,,88,20,12,,T129,
Field,Chittenden,StM2,30/06/2020,1,"EB, BL",3A,Seed,330,Peromyscus,leucopus,PELE,F,sm,16,89,19,12,E177,T130,
Field,Chittenden,StM2,27/07/2020,2,"EB, BL",6B,Seed,330,Peromyscus,leucopus,PELE,F,sm,22,89,19,12,E288,,
Field,Chittenden,StM2,1/7/2020,2,"EB, BL",3A,Seed,330,Peromyscus,leucopus,PELE,F,sm,16,89,19,12,,,
Field,Chittenden,StM2,26/07/2020,1,"EB, BL",8B,Seed,330,Peromyscus,leucopus,PELE,F,sm,20,89,19,12,,,
Field,Chittenden,StM2,28/07/2020,3,"EB, BL",4A,Seed,330,Peromyscus,leucopus,PELE,F,sm,22,89,19,12,,,
Field,Chittenden,StM2,2/7/2020,3,"EB, BL",3A,Seed,331,Peromyscus,leucopus,PELE,M,s,20,73,19,14,E180,T136,
Farm,Chittenden,Hort2,6/7/2020,1,"EB, BL",29B,Seed,332,Peromyscus,leucopus,PELE,F,sm,17,80,19,13,E183,T138,
Farm,Chittenden,Hort2,6/7/2020,1,"EB, BL",24B,Seed,333,Tamias,striatus,TAST,,,86,,,,,,
Farm,Chittenden,Hort2,7/7/2020,2,"EB, BL",26B,Seed,334,Tamias,striatus,TAST,M,ns,78,98,31,,,,
Farm,Chittenden,Hort3,7/7/2020,1,"EB, BL",28A,Seed,335,Tamias,striatus,TAST,F,lg,98,64,33,,E185,,
Farm,Chittenden,Hort3,1/8/2020,1,"EB, BL, NS",28A,Seed,335,Tamias,striatus,TAST,F,lg,95,64,33,,,,
Farm,Chittenden,Hort3,7/7/2020,1,"EB, BL",26B,Seed,336,Microtus,pennsylvanicus,MIPE,M,ns,49,47,20,10,,,
Farm,Chittenden,Hort3,7/7/2020,1,"EB, BL", 22A,Seed,337,Peromyscus,leucopus,PELE,M,ns,20,70,18,13,,T141,
Farm,Chittenden,Hort3,7/7/2020,1,"EB, BL",20B,Seed,338,Peromyscus,leucopus,PELE,M,s,19,68,18,14,,T140,
Farm,Chittenden,Hort3,9/7/2020,2,"EB, BL, AS",11A,Seed,338,Peromyscus,leucopus,PELE,M,s,20,68,18,14,,,
Farm,Chittenden,Hort3,1/8/2020,1,"EB, BL, NS",11A,Seed,338,Peromyscus,leucopus,PELE,M,s,21,68,18,14,,,
Farm,Chittenden,Hort3,3/8/2020,3,"EB, BL",21A,Seed,338,Peromyscus,leucopus,PELE,M,s,22,68,18,14,,,
Farm,Chittenden,Inter2,29/06/2020,3,"EB, BL",11B,Seed,339,Peromyscus,leucopus,PELE,F,lg,,,,,E169,T123,
Farm,Chittenden,Hort3,7/7/2020,1,"EB, BL",6B,Seed,340,Tamias,striatus,TAST,M,ns,82,70,31,13,,,
Farm,Chittenden,Hort3,9/7/2020,2,"EB, BL, AS",9B,Seed,340,Tamias,striatus,TAST,M,ns,78,70,31,13,,,
Farm,Chittenden,Hort2,7/7/2020,2,"EB, BL",18B,Seed,341,Tamias,striatus,TAST,F,lg,97,107,30,,,,
Field,Chittenden,StM1,3/7/2020,3,"EB, BL",21B,Seed,342,Zapus,hudsonius,ZAHU,F,lg,24,123,29,11,,,
Farm,Chittenden,Inter1,30/06/2020,3,"EB, BL",9A,Seed,348,Zapus,hudsonius,ZAHU,M,ns,,108,25,11,E173,,
Farm,Chittenden,Jericho2,17/07/2020,3,"EB, BL",8A,Seed,346,Peromyscus,leucopus,PELE,F,sm,18,71,17,14,,,
Farm,Chittenden,Inter1,30/06/2020,3,"EB, BL",8B,Seed,347,Zapus,hudsonius,ZAHU,F,lg,,128,30,11,,,
Farm,Chittenden,Inter1,30/06/2020,3,"EB, BL",3A,Seed,348,Zapus,hudsonius,ZAHU,M,ns,,111,27,10,,,
Farm,Chittenden,Inter1,30/06/2020,3,"EB, BL",2A,Seed,349,Peromyscus,leucopus,PELE,M,s,,80,19,13,,T125,
Farm,Chittenden,Inter2,24/07/2020,2,"EB, BL, NS",25A,Seed,350,Peromyscus,leucopus,PELE,F,lg,28,70,19,13,E264,,
Farm,Chittenden,Inter2,28/06/2020,2,"EB, BL",24A,Seed,350,Peromyscus,leucopus,PELE,F,lg,27,70,19,13,,T118,
Farm,Chittenden,Inter2,29/06/2020,3,"EB, BL",24A,Seed,350,Peromyscus,leucopus,PELE,F,lg,,70,19,13,,,
Farm,Chittenden,Inter2,23/07/2020,1,"EB, BL",24B,Seed,350,Peromyscus,leucopus,PELE,F,lg,,70,19,13,,,
Farm,Chittenden,Inter2,25/07/2020,3,"EB, BL",24A,Seed,350,Peromyscus,leucopus,PELE,F,lg,27,70,19,13,,,
Farm,Chittenden,Hort2,6/7/2020,1,"EB, BL",18B,Seed,351,Peromyscus,leucopus,PELE,M,ns,18,70,17,12,,T137,
Farm,Chittenden,Hort3,9/7/2020,2,"EB, BL, AS",14B,Seed,352,Peromyscus,leucopus,PELE,M,s,24,74,17,16,,T143,
Farm,Chittenden,Hort3,9/7/2020,2,"EB, BL, AS",6B,Seed,353,Microtus,pennsylvanicus,MIPE,F,lg,59,42,19,8,E187,,
Forest,Chittenden,Jericho2,15/07/2020,1,EB,21A,Seed,354,Peromyscus,leucopus,PELE,F,sm,15,84,17,13,E191,T145,
Farm,Chittenden,Jericho2,17/07/2020,3,"EB, BL",29B,Seed,355,Peromyscus,leucopus,PELE,F,lg,23,83,18,13,,T152,
Forest,Chittenden,Jericho1,16/07/2020,1,EB,29A,Seed,357,Peromyscus,leucopus,PELE,M,s,15,72,16,13,E199,T151,
Farm,Chittenden,Jericho2,17/07/2020,3,"EB, BL",23B,Seed,358,Peromyscus,leucopus,PELE,F,sm,16,74,18,14,,T154,
Forest,Chittenden,Jericho1,17/07/2020,2,"EB, BL",20B,Seed,359,Peromyscus,leucopus,PELE,M,s,18,77,18,12,,T163,
Forest,Chittenden,Jericho1,17/07/2020,2,"EB, BL",16A,Seed,360,Peromyscus,leucopus,PELE,M,ns,19,87,19,15,,T161,
Farm,Chittenden,Jericho1,18/07/2020,3,"EB, BL, AS",18B,Seed,360,Peromyscus,leucopus,PELE,M,ns,19,87,19,15,,,
Forest,Chittenden,Jericho1,17/07/2020,2,"EB, BL",23B,Seed,361,Peromyscus,leucopus,PELE,F,sm,15,72,20,14,,T164,
Farm,Chittenden,Jericho1,18/07/2020,3,"EB, BL, AS",30B,Seed,362,Peromyscus,leucopus,PELE,M,,17,70,19,14,,T152,
Forest,Chittenden,Jericho2,17/07/2020,3,"EB, BL",21,Seed,363,Peromyscus,leucopus,PELE,M,s,18,84,18,13,E202,T155,
Farm,Chittenden,Jericho2,17/07/2020,3,"EB, BL",27B,Seed,364,Peromyscus,leucopus,PELE,M,s,18,85,19,13,,T153,
Farm,Chittenden,Jericho2,17/07/2020,3,"EB, BL",6A,Seed,365,Peromyscus,leucopus,PELE,F,sm,18,83,18,14,,T156,
Farm,Chittenden,Jericho2,17/07/2020,3,"EB, BL",6A,Seed,366,Peromyscus,leucopus,PELE,M,s,26,76,19,14,,T157,
Forest,Chittenden,Jericho1,17/07/2020,2,"EB, BL",2B,Seed,367,Tamias,striatus,TAST,F,sm,66,78,28,,E206,,
Farm,Chittenden,Jericho1,18/07/2020,3,"EB, BL, AS",3A,Seed,367,Tamias,striatus,TAST,F,sm,67,78,28,,E211,,
Forest,Chittenden,Jericho2,16/07/2020,2,EB,29A,Seed,368,Peromyscus,leucopus,PELE,F,lg,25,76,17,14,,T149,
Forest,Chittenden,Jericho2,16/07/2020,2,EB,25A,Seed,369,Peromyscus,leucopus,PELE,F,sm,16,71,18,13,,T148,
Forest,Chittenden,Jericho2,16/07/2020,2,EB,23B,Seed,370,Tamias,striatus,TAST,M,ns,78,87,27,,,,
Forest,Chittenden,Jericho2,16/07/2020,2,EB,20B,Seed,371,Peromyscus,maniculatus,PEMA,M,ns,18,85,20,15,E195,T147,
Forest,Chittenden,Jericho2,16/07/2020,2,EB,9B,Seed,372,Peromyscus,leucopus,PELE,M,ns,19,71,17,13,,T146,
Farm,Chittenden,Jericho2,17/07/2020,3,"EB, BL",13A,Seed,372,Peromyscus,leucopus,PELE,M,ns,17,71,17,13,,,
Farm,Chittenden,Hort3,9/7/2020,2,"EB, BL, AS",23A,Seed,373,Microtus,pennsylvanicus,MIPE,M,ns,25,40,18,7,,,
Farm,Chittenden,Hort2,6/7/2020,1,"EB, BL",30B,Seed,374,Peromyscus,leucopus,PELE,M,lg,21,76,18,13,,T139,
Farm,Chittenden,Hort2,7/7/2020,2,"EB, BL",30A,Seed,374,Peromyscus,leucopus,PELE,M,s,20,76,18,13,,,
Field,Chittenden,StM2,30/06/2020,1,"EB, BL",25B,Seed,376,Peromyscus,leucopus,PELE,F,lg,19,77,17,13,,T131,
Field,Chittenden,StM2,1/7/2020,2,"EB, BL",20B,Seed,376,Peromyscus,leucopus,PELE,F,lg,20,77,17,13,,,
Field,Chittenden,StM1,1/7/2020,1,"EB, BL",4B,Seed,377,Peromyscus,leucopus,PELE,M,ns,19,79,17,13,E178,T133,
Field,Chittenden,StM1,27/07/2020,1,"EB, BL",4A,Seed,377,Peromyscus,leucopus,PELE,M,ns,24,79,17,13,E292,,
Field,Chittenden,StM1,28/07/2020,2,"EB, BL",6B,Seed,377,Peromyscus,leucopus,PELE,M,ns,22,79,17,13,E296,,
Farm,Chittenden,Hort2,13/06/2020,3,"EB, BL",26B,Seed,378,Peromyscus,leucopus,PELE,F,sm,14,64,18,14,,T068,
Farm,Chittenden,Hort2,6/7/2020,1,"EB, BL",20B,Seed,378,Peromyscus,leucopus,PELE,F,sm,18,68,19,13,,,
Farm,Chittenden,Hort3,9/7/2020,2,"EB, BL, AS",29A,Seed,379,Tamias,striatus,TAST,F,sm,84,97,2,,,,
Farm,Chittenden,Jericho1,18/07/2020,3,"EB, BL, AS",9A,Seed,380,Tamias,striatus,TAST,F,sm,74,93,28,14,,,
Farm,Chittenden,Jericho1,18/07/2020,3,"EB, BL, AS",4B,Seed,381,Tamias,striatus,TAST,M,ns,88,,,,,,
Farm,Chittenden,Jericho1,18/07/2020,3,"EB, BL, AS",1A,Seed,382,Myodes,gapperi,MYGA,F,sm,17,36,14,12,,,
Field,Chittenden,Audubon1,18/07/2020,1,"EB, BL, AS",4A,Seed,383,Microtus,pennsylvanicus,MIPE,F,sm,39,42,19,11,E212,,
Field,Chittenden,Audubon1,18/07/2020,1,"EB, BL, AS",4B,Seed,384,Zapus,hudsonius,ZAHU,M,sm,17,114,28,10,,,
Field,Chittenden,Audubon1,20/07/2020,3,"EB, BL",4A,Seed,384,Zapus,hudsonius,ZAHU,M,sm,18,114,28,10,,,
Field,Chittenden,Audubon1,18/07/2020,1,"EB, BL, AS",5B,Seed,385,Zapus,hudsonius,ZAHU,M,ns,19,122,29,10,E213,,
Farm,Chittenden,Jericho1,18/07/2020,3,"EB, BL, AS",23B,Seed,386,Peromyscus,leucopus,PELE,F,sm,16,75,19,17,,T151,
Farm,Chittenden,Jericho1,18/07/2020,3,"EB, BL, AS",29A,Seed,387,Tamias,striatus,TAST,F,sm,72,87,30,,,,
Forest,Chittenden,Jericho1,17/07/2020,2,"EB, BL",14B,Seed,390,Peromyscus,leucopus,PELE,M,s,20,,,,,T160,
Forest,Chittenden,Jericho1,17/07/2020,2,"EB, BL",7A,Seed,391,Peromyscus,leucopus,PELE,M,ns,13,63,17,13,,T158,
Forest,Chittenden,Jericho1,17/07/2020,2,"EB, BL",17A,Seed,392,Peromyscus,leucopus,PELE,M,s,20,71,19,13,E209,T162,
Farm,Chittenden,Jericho1,18/07/2020,3,"EB, BL, AS",17A,Seed,392,Peromyscus,leucopus,PELE,M,s,17,71,19,13,,,
Forest,Chittenden,Jericho1,17/07/2020,2,"EB, BL",12B,Seed,393,Peromyscus,leucopus,PELE,F,sm,15,68,17,14,,T159,
Forest,Chittenden,Jericho1,17/07/2020,2,"EB, BL",29A,Seed,394,Peromyscus,leucopus,PELE,M,ns,24,49,17,13,E210,,
Forest,Chittenden,Jericho2,17/07/2020,3,"EB, BL",19B,Seed,395,Peromyscus,,,,,13,,,,E203,,
Forest,Chittenden,Jericho2,15/07/2020,1,EB,20B,Seed,395,Peromyscus,leucopus,PELE,M,ns,15,80,18,13,,T144,
Forest,Chittenden,Jericho2,15/07/2020,1,EB,8A,Seed,396,Peromyscus,maniculatus,PEMA,M,ns,20,76,18,12,,T143,
Farm,Chittenden,Hort3,7/7/2020,1,"EB, BL",29A,Seed,397,Tamias,striatus,TAST,F,lg,106,114,32,,E186,,
Farm,Chittenden,Hort2,7/7/2020,2,"EB, BL",16B,Seed,398,Tamias,striatus,TAST,F,sm,86,92,33,,,,
Field,Chittenden,StM1,2/7/2020,2,"EB, BL",25B,Seed,399,Microtus,pennsylvanicus,MIPE,F,lg,56,45,17,8,E181,,
Farm,Chittenden,Inter2,29/06/2020,3,"EB, BL",26A,Seed,400,Peromyscus,leucopus,PELE,F,lg,,,,,E170,T126,
Farm,Chittenden,Inter2,24/07/2020,2,"EB, BL, NS",28A,Seed,400,Peromyscus,leucopus,PELE,F,lg,25,,,,E265,,
Farm,Chittenden,Inter2,23/07/2020,1,"EB, BL",24A,Seed,400,Peromyscus,leucopus,PELE,F,lg,,,,,,,
Field,Chittenden,Audubon1,20/07/2020,3,"EB, BL",6A,Seed,402,Zapus,hudsonius,ZAHU,F,sm,18,123,28,10,E233,,
Field,Chittenden,Audubon1,20/07/2020,3,"EB, BL",12A,Seed,403,Microtus,pennsylvanicus,MIPE,F,sm,27,41,17,9,,,
Field,Chittenden,Audubon1,20/07/2020,3,"EB, BL",21A,Seed,405,Microtus,pennsylvanicus,MIPE,M,ns,13,32,17,7,,,
Field,Chittenden,Audubon1,20/07/2020,3,"EB, BL",28B,Seed,406,Peromyscus,leucopus,PELE,F,sm,17,,,,,T171,
Field,Chittenden,Audubon1,20/07/2020,3,"EB, BL",29B,Seed,407,Peromyscus,leucopus,PELE,M,s,18,71,18,13,E231,T170,
Field,Chittenden,Audubon1,20/07/2020,3,"EB, BL",29A,Seed,408,Peromyscus,leucopus,PELE,M,s,28,26,18,14,E322,T169,
Forest,Chittenden,Audubon2,19/07/2020,1,"EB, BL",4B,Seed,409,Peromyscus,leucopus,PELE,M,ns,19,70,18,14,E230,,
Field,Chittenden,Audubon1,20/07/2020,3,"EB, BL",15B,Seed,409,Microtus,pennsylvanicus,MIPE,F,sm,55,44,19,8,E232,,
Forest,Chittenden,Audubon2,20/07/2020,2,"EB, BL",4A,Seed,409,Peromyscus,leucopus,PELE,M,ns,19,70,18,14,E243,,
Forest,Chittenden,Audubon2,19/07/2020,1,"EB, BL",10B,Seed,410,Peromyscus,maniculatus,PEMA,F,sm,15,65,16,14,E227,T167,
Forest,Chittenden,Audubon2,21/07/2020,3,"EB, BL",10B,Seed,410,Peromyscus,maniculatus,PEMA,F,sm,13,65,16,14,,,
Forest,Chittenden,Audubon2,19/07/2020,1,"EB, BL",12A,Seed,411,Peromyscus,leucopus,PELE,M,ns,14,68,18,13,E225,T166,
Forest,Chittenden,Audubon2,21/07/2020,3,"EB, BL",13B,Seed,411,Peromyscus,leucopus,PELE,M,ns,14,68,18,13,E247,,
Forest,Chittenden,Audubon2,20/07/2020,2,"EB, BL",12A,Seed,411,Peromyscus,leucopus,PELE,M,ns,13,68,18,13,,,
Forest,Chittenden,Audubon2,19/07/2020,1,"EB, BL",19B,Seed,412,Peromyscus,leucopus,PELE,M,ns,17,76,17,14,E224,T165,
Field,Chittenden,Audubon1,19/07/2020,2,"EB, BL",26A,Seed,413,Microtus,pennsylvanicus,MIPE,F,lg,42,50,18,9,E220,,
Field,Chittenden,Audubon1,19/07/2020,2,"EB, BL",24B,Seed,414,Microtus,pennsylvanicus,MIPE,M,ns,59,48,20,8,E219,,
Field,Chittenden,Audubon1,19/07/2020,2,"EB, BL",23B,Seed,415,Zapus,hudsonius,ZAHU,M,ns,10,117,28,10,E218,,
Field,Chittenden,Audubon1,19/07/2020,2,"EB, BL",22A,Seed,416,Microtus,pennsylvanicus,MIPE,M,ns,63,30,15,10,E217,,
Field,Chittenden,Audubon1,20/07/2020,3,"EB, BL",22A,Seed,416,Microtus,pennsylvanicus,MIPE,M,ns,54,30,15,10,,,
Field,Chittenden,Audubon1,19/07/2020,2,"EB, BL",20A,Seed,417,Zapus,hudsonius,ZAHU,M,ns,17,109,25,11,,,
Field,Chittenden,Audubon1,19/07/2020,2,"EB, BL",12A,Seed,418,Zapus,hudsonius,ZAHU,F,sm,11,118,29,9,,,
Field,Chittenden,Audubon1,19/07/2020,2,"EB, BL",8B,Seed,419,Zapus,hudsonius,ZAHU,F,sm,21,125,30,10,,,
Field,Chittenden,Audubon1,19/07/2020,2,"EB, BL",6B,Seed,420,Zapus,hudsonius,ZAHU,F,sm,23,111,26,9,,,
Field,Chittenden,Audubon1,24/06/2020,3,"EB, BL",24A,Seed,421,Zapus,hudsonius,ZAHU,M,ns,22,132,30,11,,,
Field,Chittenden,Audubon1,18/07/2020,1,"EB, BL, AS",29A,Seed,421,Zapus,hudsonius,ZAHU,M,s,19,132,30,11,,,
Field,Chittenden,Audubon1,18/07/2020,1,"EB, BL, AS",26B,Seed,422,Zapus,hudsonius,ZAHU,M,ns,18,110,25,10,,,
Field,Chittenden,Audubon1,18/07/2020,1,"EB, BL, AS",17A,Seed,423,Zapus,hudsonius,ZAHU,M,ns,16,117,28,9,,,
Field,Chittenden,Audubon1,18/07/2020,1,"EB, BL, AS",14A,Seed,424,Zapus,hudsonius,ZAHU,F,sm,19,124,30,10,,,
Field,Chittenden,Audubon1,20/07/2020,3,"EB, BL",14B,Seed,424,Zapus,hudsonius,ZAHU,F,sm,22,124,30,10,,,
Field,Chittenden,Audubon1,18/07/2020,1,"EB, BL, AS",6B,Seed,425,Zapus,hudsonius,ZAHU,M,s,22,121,25,9,,,
Field,Chittenden,StM2,26/07/2020,1,"EB, BL",9A,Seed,426,Peromyscus,leucopus,PELE,M,ns,17,72,18,14,,T199,
Field,Chittenden,StM2,27/07/2020,2,"EB, BL",11A,Seed,426,Peromyscus,leucopus,PELE,M,ns,,72,18,14,,,
Field,Chittenden,StM2,28/07/2020,3,"EB, BL",8A,Seed,426,Peromyscus,leucopus,PELE,M,ns,16,72,18,14,,,
Farm,Chittenden,Inter1,25/07/2020,2,"EB, BL",22B,Seed,427,Zapus,hudsonius,ZAHU,F,sm,17,115,25,9,E268,,
Farm,Chittenden,Inter1,25/07/2020,2,"EB, BL",11B,Seed,428,Microtus,pennsylvanicus,MIPE,M,ns,40,45,13,8,,,
Farm,Chittenden,Inter2,24/07/2020,2,"EB, BL, NS",30A,Seed,429,Peromyscus,leucopus,PELE,M,s,18,70,19,14,,T183,
Farm,Chittenden,Inter1,25/07/2020,2,"EB, BL",6B,Seed,430,Zapus,hudsonius,ZAHU,F,sm,12,119,28,10,E266,,
Farm,Chittenden,Inter1,25/07/2020,2,"EB, BL",8A,Seed,431,Zapus,hudsonius,ZAHU,M,ns,10,114,26,9,,,
Farm,Chittenden,Inter2,24/07/2020,2,"EB, BL, NS",22B,Seed,432,Peromyscus,leucopus,PELE,M,ns,9,55,17,12,,T182,
Farm,Chittenden,Inter1,25/07/2020,2,"EB, BL",10B,Seed,433,Zapus,hudsonius,ZAHU,M,ns,19,113,27,10,,,
Farm,Chittenden,Inter1,25/07/2020,2,"EB, BL",27A,Seed,434,Peromyscus,leucopus,PELE,F,sm,17,77,18,14,,T189,
Farm,Chittenden,Inter1,25/07/2020,2,"EB, BL",24A,Seed,435,Peromyscus,leucopus,PELE,M,ns,20,72,19,13,,T188,
Farm,Chittenden,Inter1,26/07/2020,3,"EB, BL",24A,Seed,435,Peromyscus,leucopus,PELE,M,ns,20,72,19,13,,,
Farm,Chittenden,Inter2,25/07/2020,3,"EB, BL",13B,Seed,436,Peromyscus,leucopus,PELE,M,ns,12,52,16,12,E273,T191,
Farm,Chittenden,Inter2,25/07/2020,3,"EB, BL",30B,Seed,437,Peromyscus,leucopus,PELE,M,s,23,67,15,14,,T193,
Farm,Chittenden,Inter1,26/07/2020,3,"EB, BL",30A,Seed,438,Zapus,hudsonius,ZAHU,M,s,8,116,28,10,E283,,
Field,Chittenden,StM2,26/07/2020,1,"EB, BL",4B,Seed,439,Peromyscus,leucopus,PELE,F,lg,31,64,20,14,,T198,
Field,Chittenden,StM2,28/07/2020,3,"EB, BL",4B,Seed,439,Peromyscus,leucopus,PELE,F,lg,29,64,20,14,,,
Farm,Chittenden,Inter1,26/07/2020,3,"EB, BL",22B,Seed,440,Peromyscus,leucopus,PELE,F,lg,18,82,18,15,,T196,
Farm,Chittenden,Inter1,26/07/2020,3,"EB, BL",10B,Seed,441,Peromyscus,leucopus,PELE,M,s,21,70,18,13,,T195,
Farm,Chittenden,Inter1,26/07/2020,3,"EB, BL",8A,Seed,442,Peromyscus,leucopus,PELE,F,sm,17,73,18,12,E321,T194,
Farm,Chittenden,Inter1,25/07/2020,2,"EB, BL",5A,Seed,443,Peromyscus,leucopus,PELE,F,lg,22,81,18,14,,T184,
Farm,Chittenden,Inter2,24/07/2020,2,"EB, BL, NS",21B,Seed,444,Microtus,pennsylvanicus,MIPE,F,sm,31,42,17,11,,,
Farm,Chittenden,Inter2,24/07/2020,2,"EB, BL, NS",12B,Seed,445,Microtus,pennsylvanicus,MIPE,F,sm,12,60,16,15,E260,,
Farm,Chittenden,Inter2,24/07/2020,2,"EB, BL, NS",8B,Seed,446,Microtus,pennsylvanicus,MIPE,F,lg,28,40,18,8,,,
Farm,Chittenden,Inter2,24/07/2020,2,"EB, BL, NS",1B,Seed,447,Peromyscus,leucopus,PELE,F,sm,24,86,20,13,,,
Farm,Chittenden,Inter2,25/07/2020,3,"EB, BL",1B,Seed,447,Peromyscus,leucopus,PELE,F,sm,21,86,20,13,,,
Field,Chittenden,Audubon1,18/07/2020,1,"EB, BL, AS",30A,Seed,449,Microtus,pennsylvanicus,MIPE,M,s,55,48,19,9,E216,,
Field,Chittenden,Audubon1,22/06/2020,1,"EB, BL",24A,Seed,450,Microtus,pennsylvanicus,MIPE,M,ns,68,55,20,10,E126,,
Field,Chittenden,Audubon1,18/07/2020,1,"EB, BL, AS",23B,Seed,450,Microtus,pennsylvanicus,MIPE,M,ns,60,54,20,12,,,
Farm,Chittenden,Inter1,25/07/2020,2,"EB, BL",12A,Seed,451,Peromyscus,leucopus,PELE,M,s,17,66,17,13,,T185,
Farm,Chittenden,Inter1,25/07/2020,2,"EB, BL",17A,Seed,452,Peromyscus,leucopus,PELE,M,s,25,81,19,13,,,
Farm,Chittenden,Inter1,25/07/2020,2,"EB, BL",17B,Seed,453,Peromyscus,leucopus,PELE,M,ns,15,67,19,13,,T186,
Farm,Chittenden,Inter1,25/07/2020,2,"EB, BL",19B,Seed,454,Zapus,hudsonius,ZAHU,F,lg,26,115,27,10,E267,,
Farm,Chittenden,Inter1,25/07/2020,2,"EB, BL",21A,Seed,455,Peromyscus,leucopus,PELE,F,lg,17,72,17,12,,T187,
Farm,Chittenden,Inter2,25/07/2020,3,"EB, BL",4B,Seed,456,Tamias,striatus,TAST,F,sm,88,91,,,,,
Farm,Chittenden,Inter2,25/07/2020,3,"EB, BL",11A,Seed,457,Peromyscus,leucopus,PELE,F,lg,20,75,17,13,,T190,
Farm,Chittenden,Inter2,25/07/2020,3,"EB, BL",30A,Seed,458,Peromyscus,leucopus,PELE,M,ns,12,63,17,14,,T192,
Farm,Chittenden,Inter2,25/07/2020,3,"EB, BL",11B,Seed,459,Microtus,pennsylvanicus,MIPE,M,s,44,45,16,9,,,
Field,Chittenden,StM2,26/07/2020,1,"EB, BL",10B,Seed,460,Peromyscus,leucopus,PELE,M,s,23,75,18,14,E284,,
Field,Chittenden,StM2,2/7/2020,3,"EB, BL",18B,Seed,460,Peromyscus,leucopus,PELE,M,ns,20,75,18,13,,T135,
Field,Chittenden,StM2,27/07/2020,2,"EB, BL",7A,Seed,460,Peromyscus,leucopus,PELE,M,s,22,75,18,14,,,
Field,Chittenden,StM2,28/07/2020,3,"EB, BL",1A,Seed,460,Peromyscus,leucopus,PELE,M,s,20,75,18,14,,,
Field,Chittenden,StM2,26/07/2020,1,"EB, BL",19B,Seed,461,Peromyscus,leucopus,PELE,M,ns,17,75,19,13,E285,T200,
Field,Chittenden,StM2,27/07/2020,2,"EB, BL",17B,Seed,461,Peromyscus,leucopus,PELE,M,ns,,75,19,13,,,
Field,Chittenden,StM2,27/07/2020,2,"EB, BL",29A,Seed,462,Peromyscus,leucopus,PELE,M,ns,,75,18,14,E289,,
Field,Chittenden,StM2,27/07/2020,2,"EB, BL",9B,Seed,463,Microtus,pennsylvanicus,MIPE,F,sm,,,,,,,
Field,Chittenden,StM2,26/07/2020,1,"EB, BL",21A,Seed,464,Peromyscus,leucopus,PELE,F,sm,15,74,19,15,,T201,
Field,Chittenden,StM2,27/07/2020,2,"EB, BL",21A,Seed,464,Peromyscus,leucopus,PELE,F,sm,,74,19,15,,,
Field,Chittenden,StM2,26/07/2020,1,"EB, BL",25B,Seed,465,Peromyscus,leucopus,PELE,M,ns,52,52,18,7,,,
Field,Chittenden,StM2,27/07/2020,2,"EB, BL",2A,Seed,466,Peromyscus,leucopus,PELE,M,s,21,,,,,T204,
Field,Chittenden,StM2,26/07/2020,1,"EB, BL",27A,Seed,467,Peromyscus,leucopus,PELE,F,lg,15,70,17,13,E287,T203,
Field,Chittenden,StM2,27/07/2020,2,"EB, BL",25A,Seed,467,Peromyscus,leucopus,PELE,F,lg,,70,17,13,,,
Field,Chittenden,StM2,2/7/2020,3,"EB, BL",26A,Seed,468,Peromyscus,leucopus,PELE,F,sm,21,81,18,13,E179,T134,
Field,Chittenden,StM2,26/07/2020,1,"EB, BL",20A,Seed,468,Peromyscus,leucopus,PELE,F,lg,33,81,20,13,,,
Field,Chittenden,StM1,27/07/2020,1,"EB, BL",2A,Seed,469,Peromyscus,leucopus,PELE,F,lg,23,,,,E290,,
Field,Chittenden,StM1,28/07/2020,2,"EB, BL",2B,Seed,469,Peromyscus,leucopus,PELE,F,lg,19,,,,,,
Field,Chittenden,StM2,27/07/2020,2,"EB, BL",19B,Seed,470,Peromyscus,leucopus,PELE,M,ns,,,,,,T206,
Field,Chittenden,StM2,26/07/2020,1,"EB, BL",22A,Seed,471,Peromyscus,leucopus,PELE,M,s,21,74,19,14,E286,T202,
Field,Chittenden,StM2,27/07/2020,2,"EB, BL",13A,Seed,472,Peromyscus,leucopus,PELE,M,s,,86,20,13,,T205,
Field,Chittenden,StM2,28/07/2020,3,"EB, BL",15B,Seed,472,Peromyscus,leucopus,PELE,M,s,22,86,20,13,,T209,
Field,Chittenden,StM2,26/07/2020,1,"EB, BL",2A,Seed,473,Peromyscus,leucopus,PELE,M,s,26,86,18,14,,T197,
Farm,Chittenden,Inter1,24/07/2020,1,"EB, BL, NS",10A,Seed,474,Zapus,hudsonius,ZAHU,F,sm,11,112,24,9,E254,,
Farm,Chittenden,Inter1,26/07/2020,3,"EB, BL",11A,Seed,474,Zapus,hudsonius,ZAHU,F,sm,10,112,24,9,E278,,
Farm,Chittenden,Inter2,23/07/2020,1,"EB, BL",11A,Seed,475,Peromyscus,leucopus,PELE,M,ns,,,,,E250,,
Farm,Chittenden,Inter2,24/07/2020,2,"EB, BL, NS",3A,Seed,476,Peromyscus,leucopus,PELE,M,s,20,85,20,15,E258,,
Farm,Chittenden,Inter2,23/07/2020,1,"EB, BL",3A,Seed,476,Peromyscus,leucopus,PELE,M,s,17,85,20,15,,T177,
Farm,Chittenden,Inter2,23/07/2020,1,"EB, BL",4B,Seed,477,Peromyscus,leucopus,PELE,F,sm,,,,,,T178,
Farm,Chittenden,Inter2,25/07/2020,3,"EB, BL",2B,Seed,477,Peromyscus,leucopus,PELE,F,sm,17,,,,,,
Farm,Chittenden,Inter1,24/07/2020,1,"EB, BL, NS",18A,Seed,478,Microtus,pennsylvanicus,MIPE,M,ns,31,43,18,10,,,
Farm,Chittenden,Inter2,24/07/2020,2,"EB, BL, NS",1A,Seed,479,Tamias,striatus,TAST,M,ns,88,13,,,,,
Farm,Chittenden,Inter1,24/07/2020,1,"EB, BL, NS",30A,Seed,480,Peromyscus,leucopus,PELE,F,lg,24,85,20,14,,T180,
Farm,Chittenden,Inter1,24/07/2020,1,"EB, BL, NS",24B,Seed,481,Peromyscus,leucopus,PELE,M,ns,23,73,18,14,E257,,
Farm,Chittenden,Inter1,26/07/2020,3,"EB, BL",18A,Seed,481,Peromyscus,leucopus,PELE,M,ns,21,73,18,14,E280,,
Farm,Chittenden,Inter1,24/07/2020,1,"EB, BL, NS",15A,Seed,482,Microtus,pennsylvanicus,MIPE,F,sm,51,42,18,9,,,
Farm,Chittenden,Inter1,24/07/2020,1,"EB, BL, NS",11B,Seed,483,Zapus,hudsonius,ZAHU,M,s,16,115,27,9,E256,,
Farm,Chittenden,Inter1,24/07/2020,1,"EB, BL, NS",11A,Seed,484,Peromyscus,leucopus,PELE,F,lg,18,65,17,13,E255,T179,
Farm,Chittenden,Inter1,25/07/2020,2,"EB, BL",11A,Seed,484,Peromyscus,leucopus,PELE,F,lg,17,65,17,13,,,
Farm,Chittenden,Inter1,24/07/2020,1,"EB, BL, NS",5B,Seed,485,Zapus,hudsonius,ZAHU,F,sm,20,127,29,10,,,
Farm,Chittenden,Inter1,25/07/2020,2,"EB, BL",4B,Seed,485,Zapus,hudsonius,ZAHU,F,sm,18,127,29,10,,,
Farm,Chittenden,Inter1,26/07/2020,3,"EB, BL",5B,Seed,485,Zapus,hudsonius,ZAHU,F,sm,20,127,29,10,,,
Farm,Chittenden,Inter1,24/07/2020,1,"EB, BL, NS",5A,Seed,486,Zapus,hudsonius,ZAHU,F,sm,21,118,28,10,E252,,
Farm,Chittenden,Inter1,26/07/2020,3,"EB, BL",14A,Seed,486,Zapus,hudsonius,ZAHU,F,sm,18,118,28,10,E279,,
Farm,Chittenden,Inter2,24/07/2020,2,"EB, BL, NS",17B,Seed,487,Peromyscus,leucopus,PELE,M,s,23,78,18,13,E261,T181,
Farm,Chittenden,Inter2,23/07/2020,1,"EB, BL",18A,Seed,487,Peromyscus,leucopus,PELE,M,s,,78,18,13,,,
Farm,Chittenden,Inter2,25/07/2020,3,"EB, BL",20B,Seed,487,Peromyscus,leucopus,PELE,M,s,22,78,18,13,,,
Farm,Chittenden,Inter2,23/07/2020,1,"EB, BL",11B,Seed,488,Peromyscus,leucopus,PELE,M,s,,,,,,,
Farm,Chittenden,Inter2,23/07/2020,1,"EB, BL",8A,Seed,489,Peromyscus,leucopus,PELE,M,s,,76,19,13,,,
Farm,Chittenden,Inter2,25/07/2020,3,"EB, BL",10A,Seed,489,Peromyscus,leucopus,PELE,M,s,22,76,19,13,,,
Farm,Chittenden,Inter2,23/07/2020,1,"EB, BL",1B,Seed,490,Peromyscus,leucopus,PELE,M,s,17,90,19,15,,T176,
Farm,Chittenden,Inter2,25/07/2020,3,"EB, BL",10B,Seed,490,Peromyscus,leucopus,PELE,M,ns,20,81,19,16,,,
Forest,Chittenden,Audubon2,21/07/2020,3,"EB, BL",2B,Seed,491,Peromyscus,leucopus,PELE,M,ns,34,76,18,13,E249,T175,
Forest,Chittenden,Audubon2,20/07/2020,2,"EB, BL",16A,Seed,493,Peromyscus,leucopus,PELE,F,sm,17,70,19,15,,T174,
Forest,Chittenden,Audubon2,20/07/2020,2,"EB, BL",19B,Seed,494,Peromyscus,leucopus,PELE,M,ns,15,77,18,13,E240,T173,
Forest,Chittenden,Audubon2,21/07/2020,3,"EB, BL",19B,Seed,494,Peromyscus,leucopus,PELE,M,ns,17,77,18,13,E245,,
Forest,Chittenden,Audubon2,20/07/2020,2,"EB, BL",21A,Seed,495,Peromyscus,leucopus,PELE,F,sm,21,93,18,16,,T172,
Forest,Chittenden,Audubon2,20/07/2020,2,"EB, BL",27A,Seed,496,Peromyscus,leucopus,PELE,M,ns,18,75,17,12,E236,,
Forest,Chittenden,Audubon2,21/07/2020,3,"EB, BL",27A,Seed,496,Peromyscus,leucopus,PELE,M,ns,16,75,17,12,,,
Forest,Chittenden,Audubon2,20/07/2020,2,"EB, BL",6B,Seed,491,Peromyscus,leucopus,PELE,F,sm,15,68,19,13,E241,,
Field,Chittenden,Audubon1,20/07/2020,3,"EB, BL",2A,Seed,497,Zapus,hudsonius,ZAHU,F,lg,19,127,26,9,,,
Field,Chittenden,Audubon1,20/07/2020,3,"EB, BL",4B,Seed,498,Microtus,pennsylvanicus,MIPE,F,sm,39,43,19,9,,,
Field,Chittenden,Audubon1,20/07/2020,3,"EB, BL",6B,Seed,499,Zapus,hudsonius,ZAHU,F,sm,16,115,26,10,E234,,
Field,Chittenden,Audubon1,18/07/2020,1,"EB, BL, AS",13B,Seed,500,Microtus,pennsylvanicus,MIPE,F,sm,45,41,19,8,E214,,
Field,Chittenden,StM1,29/07/2020,3,"EB, BL",29B,Seed,501,Zapus,hudsonius,ZAHU,M,s,13,115,28,10,E300,,
Field,Chittenden,StM1,29/07/2020,3,"EB, BL",18B,Seed,502,Peromyscus,leucopus,PELE,F,sm,19,74,20,14,,T214,
Field,Chittenden,StM1,29/07/2020,3,"EB, BL",16B,Seed,503,Peromyscus,leucopus,PELE,F,lg,28,80,19,13,,T215,
Field,Chittenden,StM1,29/07/2020,3,"EB, BL",13A,Seed,504,Zapus,hudsonius,ZAHU,F,sm,25,134,29,9,,,
Field,Chittenden,StM1,29/07/2020,3,"EB, BL",3B,Seed,505,Peromyscus,leucopus,PELE,M,ns,26,83,18,13,E303,T216,
Farm,Chittenden,Hort2,31/07/2020,1,"EB, BL, NS",26A,Seed,506,Microtus,pennsylvanicus,MIPE,M,ns,33,50,20,8,,,
Farm,Chittenden,Hort2,31/07/2020,1,"EB, BL, NS",24A,Seed,507,Microtus,pennsylvanicus,MIPE,F,sm,54,43,18,9,,,
Field,Chittenden,StM1,29/07/2020,3,"EB, BL",30A,Seed,508,Peromyscus,leucopus,PELE,M,ns,20,76,18,14,,T213,
Field,Chittenden,StM1,28/07/2020,2,"EB, BL",19A,Seed,509,Peromyscus,leucopus,PELE,M,s,20,75,17,14,E298,T212,
Field,Chittenden,StM1,28/07/2020,2,"EB, BL",13B,Seed,510,Peromyscus,leucopus,PELE,M,s,18,79,19,15,,T211,
Field,Chittenden,StM1,28/07/2020,2,"EB, BL",9B,Seed,511,Tamias,striatus,TAST,M,ns,102,50,30,,E297,,
Field,Chittenden,StM1,29/07/2020,3,"EB, BL",4B,Seed,512,Peromyscus,leucopus,PELE,M,s,19,77,20,13,E302,,
Field,Chittenden,StM1,28/07/2020,2,"EB, BL",3B,Seed,512,Peromyscus,leucopus,PELE,M,s,23,77,20,13,,T210,
Field,Chittenden,StM2,28/07/2020,3,"EB, BL",7B,Seed,513,Microtus,pennsylvanicus,MIPE,F,sm,60,50,20,9,,,
Field,Chittenden,StM2,28/07/2020,3,"EB, BL",7A,Seed,514,Zapus,hudsonius,ZAHU,F,sm,18,110,29,8,,,
Field,Chittenden,StM2,28/07/2020,3,"EB, BL",9B,Seed,515,Peromyscus,leucopus,PELE,M,ns,16,69,17,13,,,
Field,Chittenden,StM2,28/07/2020,3,"EB, BL",19B,Seed,516,Peromyscus,leucopus,PELE,F,sm,17,83,18,13,,,
Field,Chittenden,StM2,28/07/2020,3,"EB, BL",21A,Seed,517,Peromyscus,leucopus,PELE,M,s,21,75,18,14,,T208,
Field,Chittenden,StM2,28/07/2020,3,"EB, BL",22A,Seed,518,Microtus,pennsylvanicus,MIPE,M,s,49,52,18,10,E294,T207,
Field,Chittenden,StM1,28/07/2020,2,"EB, BL",30A,Seed,519,Peromyscus,leucopus,PELE,M,ns,16,65,17,13,E299,,
Field,Chittenden,StM1,27/07/2020,1,"EB, BL",29B,Seed,519,Peromyscus,leucopus,PELE,M,ns,,65,17,13,,,
Field,Chittenden,StM1,27/07/2020,1,"EB, BL",26A,Seed,520,Zapus,hudsonius,ZAHU,M,ns,,,,,,,
Field,Chittenden,StM1,27/07/2020,1,"EB, BL",21A,Seed,521,Microtus,pennsylvanicus,MIPE,F,lg,,,,,,,
Field,Chittenden,StM1,27/07/2020,1,"EB, BL",19B,Seed,522,Peromyscus,leucopus,PELE,M,ns,,2,19,13,E293,,
Field,Chittenden,StM1,29/07/2020,3,"EB, BL",19A,Seed,522,Peromyscus,leucopus,PELE,M,ns,18,2,19,13,E301,,
Field,Chittenden,StM1,28/07/2020,2,"EB, BL",4B,Seed,523,Peromyscus,leucopus,PELE,M,s,19,74,19,15,E295,,
Field,Chittenden,StM1,27/07/2020,1,"EB, BL",13A,Seed,523,Peromyscus,leucopus,PELE,M,s,,74,19,15,,,
Field,Chittenden,StM1,29/07/2020,3,"EB, BL",4A,Seed,523,Peromyscus,leucopus,PELE,M,s,20,74,19,15,,,
Field,Chittenden,StM1,27/07/2020,1,"EB, BL",7A,Seed,524,Tamias,striatus,TAST,M,ns,,,,,,,
Field,Chittenden,StM1,27/07/2020,1,"EB, BL",3A,Seed,525,Peromyscus,maniculatus,PEMA,F,sm,15,,,,E291,,
Field,Chittenden,StM1,28/07/2020,2,"EB, BL",4A,Seed,525,Peromyscus,maniculatus,PEMA,F,sm,21,,,,,,
Farm,Chittenden,Hort3,1/8/2020,1,"EB, BL, NS",30B,Seed,526,Peromyscus,leucopus,PELE,M,s,19,79,20,13,,T221,
Farm,Chittenden,Hort3,3/8/2020,3,"EB, BL",20B,Seed,529,Microtus,pennsylvanicus,MIPE,M,ns,24,,,,E308,,
Farm,Chittenden,Hort3,7/7/2020,1,"EB, BL",20A,Seed,539,Tamias,striatus,TAST,F,sm,72,98,31,13,,,
Farm,Chittenden,Hort3,1/8/2020,1,"EB, BL, NS",16A,Seed,539,Tamias,striatus,TAST,F,sm,72,98,31,13,,,
Farm,Chittenden,Hort3,1/8/2020,1,"EB, BL, NS",21B,Seed,540,Peromyscus,leucopus,PELE,M,s,21,78,20,14,E305,T220,
Farm,Chittenden,Hort3,2/8/2020,2,"EB, BL, AS",23A,Seed,540,Peromyscus,leucopus,PELE,M,s,21,78,20,14,E307,,
Farm,Chittenden,Hort3,3/8/2020,3,"EB, BL",22B,Seed,540,Peromyscus,leucopus,PELE,M,s,22,78,20,14,,,
Farm,Chittenden,Hort3,3/8/2020,3,"EB, BL",6A,Seed,544,Peromyscus,leucopus,PELE,M,s,24,76,18,13,E309,,
Farm,Chittenden,Hort3,2/8/2020,2,"EB, BL, AS",2B,Seed,544,Peromyscus,leucopus,PELE,M,s,19,76,18,13,,,
Farm,Chittenden,Hort2,2/8/2020,3,"EB, BL, AS",13A,Seed,545,Microtus,pennsylvanicus,MIPE,F,sm,40,49,20,7,,,
Farm,Chittenden,Hort2,2/8/2020,3,"EB, BL, AS",18B,Seed,546,Microtus,pennsylvanicus,MIPE,F,sm,46,44,19,7,E306,,
Farm,Chittenden,Hort2,2/8/2020,3,"EB, BL, AS",24B,Seed,547,Zapus,hudsonius,ZAHU,F,lg,22,122,27,11,,,
Farm,Chittenden,Hort3,1/8/2020,1,"EB, BL, NS",12A,Seed,548,Peromyscus,leucopus,PELE,M,ns,17,59,15,13,E304,T219,
Farm,Chittenden,Hort3,1/8/2020,1,"EB, BL, NS",3B,Seed,549,Peromyscus,leucopus,PELE,F,lg,18,78,17,13,,T218,
Farm,Chittenden,Hort3,1/8/2020,1,"EB, BL, NS",2A,Seed,550,Peromyscus,leucopus,PELE,M,ns,18,73,20,14,,T217,
Farm,Chittenden,Hort3,3/8/2020,3,"EB, BL",8B,Seed,550,Peromyscus,leucopus,PELE,M,ns,17,73,20,14,,,
Farm,Chittenden,Hort3,2/8/2020,2,"EB, BL, AS",8A,Seed,550,Peromyscus,leucopus,PELE,M,ns,15,73,20,14,,,
Field,Chittenden,Audubon1,18/07/2020,1,"EB, BL, AS",24B,Seed,551,Blarina,brevicauda,BLBR,,,27,27,13,0,E215,,
Forest,Chittenden,Audubon2,21/07/2020,3,"EB, BL",12B,Seed,552,Blarina,brevicauda,BLBR,,,13,22,13,0,,,
Farm,GrandIsle,Borderview1,14/07/2019,3,"EB, BL",24,Seed,553,Blarina,brevicauda,BLBR,F,sm,19,23,15,0,,,
Farm,Chittenden,Inter2,23/07/2020,1,"EB, BL",25B,Seed,554,Blarina,brevicauda,BLBR,F,lg,,,,,,,
Forest,Chittenden,Jericho1,22/06/2020,3,"EB, BL",29A,Seed,555,Blarina,brevicauda,BLBR,,,17,23,14,0,,,
Farm,Chittenden,Inter2,4/6/2020,2,"EB, BL",3A,Seed,DESC,Microtus,pennsylvanicus,MIPE,F,sm,,40,20,13,E072,,
Field,Chittenden,Audubon1,22/06/2020,1,"EB, BL",28B,Seed,DESC,Blarina,brevicauda,BLBR,,,,,,,,,
Field,Chittenden,Audubon1,18/07/2020,1,"EB, BL, AS",3B,Seed,DESC,Blarina,brevicauda,BLBR,,,,,,,,,
Field,Chittenden,Audubon1,18/07/2020,1,"EB, BL, AS",20A,Seed,DESC,Blarina,brevicauda,BLBR,,,,,,,,,
Forest,Chittenden,Audubon2,19/07/2020,1,"EB, BL",3B,Seed,DESC,Sorex,cinereus,SOCI,,,16,,,,,,
Farm,Chittenden,Inter1,25/07/2020,2,"EB, BL",4A,Seed,DESC,Blarina,brevicauda,BLBR,,,,,,,,,
Farm,Chittenden,Inter2,4/6/2020,2,"EB, BL",20B,Seed,DESC,Microtus,pennsylvanicus,MIPE,M,ns,,49,20,12,,,
Farm,Chittenden,Inter2,24/07/2020,2,"EB, BL, NS",19B,Seed,DESC,Blarina,brevicauda,BLBR,,,,,,,,,
Farm,Chittenden,Inter2,24/07/2020,2,"EB, BL, NS",26B,Seed,DESC,Blarina,brevicauda,BLBR,,,,,,,,,
Farm,Chittenden,Inter2,24/07/2020,2,"EB, BL, NS",,Seed,DESC,Blarina,brevicauda,BLBR,,,,,,,,,
Farm,Chittenden,Inter2,25/07/2020,3,"EB, BL",16B,Seed,556,Blarina,brevicauda,BLBR,,,,,,,,,
Forest,Chittenden,Jericho1,6/10/2019,2,BIOL217,5,Seed,DESC,Peromyscus,leucopus,PELE,F,sm,12,58,16,16,,,found dead in trap
Forest,Chittenden,Jericho1,21/06/2020,2,"EB, BL",9B,Seed,DESC,Blarina,brevicauda,BLBR,F,lg,,,,,,,
Forest,Chittenden,Jericho1,17/07/2020,2,"EB, BL",7B,Seed,DESC,Blarina,brevicauda,BLBR,,,,,,,,,
Field,Chittenden,Audubon1,18/07/2020,1,"EB, BL, AS",16A,Seed,557,Blarina,brevicauda,BLBR,,,23,22,13,0,,,
Field,Chittenden,Audubon1,20/07/2020,3,"EB, BL",18A,Seed,557,Blarina,brevicauda,BLBR,,,15,22,13,0,,,
Forest,Chittenden,Jericho1,20/06/2020,1,"EB, BL",14A,Seed,558,Blarina,brevicauda,BLBR,F,lg,19,15,11,0,E103,,
Forest,Chittenden,Jericho1,6/10/2019,2,BIOL217,1,Seed,558,Blarina,brevicauda,BLBR,M,ns,20,28,14,0,J1E3,,
Field,Chittenden,Audubon1,22/06/2020,1,"EB, BL",23B,Seed,559,Blarina,brevicauda,BLBR,,,,23,14,0,,,
Forest,Chittenden,Audubon2,25/06/2020,2,"EB, BL",20B,Seed,560,Blarina,brevicauda,BLBR,,,,,,,,,
Farm,GrandIsle,Borderview1,13/07/2019,2,"EB, BL",25,Seed,561,Blarina,brevicauda,BLBR,F,sm,19,22,14,0,,,
Farm,Chittenden,Hort2,31/07/2020,1,"EB, BL, NS",23B,Seed,562,Blarina,brevicauda,BLBR,,,,22,13,0,,,
Farm,Chittenden,Inter2,29/06/2020,3,"EB, BL",7A,Seed,563,Blarina,brevicauda,BLBR,,,,,,,,,
Forest,Chittenden,Jericho1,22/06/2020,3,"EB, BL",14B,Seed,564,Blarina,brevicauda,BLBR,F,lg,20,15,11,0,,,
Field,Chittenden,StM1,6/7/2019,1,EB,19,Seed,565,Blarina,brevicauda,BLBR,F,lg,22,25,13,0,,,
Field,Chittenden,Audubon1,19/07/2020,2,"EB, BL",22B,Seed,566,Blarina,brevicauda,BLBR,M,s,15,20,12,0,,,
Field,Chittenden,Audubon1,20/07/2020,3,"EB, BL",24B,Seed,566,Blarina,brevicauda,BLBR,,,16,20,12,0,,,
Farm,Chittenden,Inter2,25/07/2020,3,"EB, BL",8A,Seed,RECAP,Peromyscus,leucopus,PELE,,,,,,,E272,,
Farm,Chittenden,Inter1,26/07/2020,3,"EB, BL",8B,Seed,RECAP,Zapus,hudsonius,ZAHU,F,lg,17,,,,E277,,
Farm,Chittenden,Inter1,26/07/2020,3,"EB, BL",23B,Seed,RECAP,Zapus,hudsonius,ZAHU,F,sm,23,,,,E281,,
Field,Chittenden,Audubon1,19/07/2020,2,"EB, BL",4B,Seed,RECAP,Zapus,hudsonius,ZAHU,,,,,,,,,
Forest,Chittenden,Audubon2,20/07/2020,2,"EB, BL",10B,Seed,RECAP,Peromyscus,,PE??,,,,,,,,,
Farm,Chittenden,Inter1,24/07/2020,1,"EB, BL, NS",26A,Seed,RECAP,Peromyscus,leucopus,PELE,,,21,,,,,,
Farm,Chittenden,Inter1,25/07/2020,2,"EB, BL",25A,Seed,RECAP,Peromyscus,leucopus,PELE,,,,,,,,,
Farm,Chittenden,Inter1,26/07/2020,3,"EB, BL",6B,Seed,RECAP,Zapus,hudsonius,ZAHU,,,,,,,,,
Farm,Chittenden,Inter1,26/07/2020,3,"EB, BL",18B,Seed,RECAP,Peromyscus,leucopus,PELE,,,,,,,,,
Farm,Chittenden,Inter2,23/07/2020,1,"EB, BL",5,Seed,RECAP,Peromyscus,leucopus,PELE,,,,,,,,,
Field,Chittenden,Audubon1,18/07/2020,1,"EB, BL, AS",12B,Seed,567,Blarina,brevicauda,BLBR,,,18,27,12,0,,,
Forest,Chittenden,Audubon2,19/07/2020,1,"EB, BL",6A,Seed,568,Blarina,brevicauda,BLBR,,,15,20,12,0,,,
Forest,Chittenden,Audubon2,21/07/2020,3,"EB, BL",6A,Seed,568,Blarina,brevicauda,BLBR,,,13,20,12,0,,,
Farm,GrandIsle,Borderview1,13/07/2019,2,"EB, BL",27,Seed,569,Blarina,brevicauda,BLBR,F,sm,21,28,14,0,,,
Forest,Chittenden,Jericho1,22/06/2020,3,"EB, BL",8B,Seed,570,Blarina,brevicauda,BLBR,,,,,,,,,
Forest,Chittenden,Jericho1,17/07/2020,2,"EB, BL",10A,Seed,,Tamias,striatus,TAST,,,75,,,,E207,,
Forest,Chittenden,Jericho1,17/07/2020,2,"EB, BL",13B,Seed,,Peromyscus,leucopus,PELE,,,13,,,,E208,,
Field,Chittenden,Audubon1,20/07/2020,3,"EB, BL",26A,Seed,,Zapus,hudsonius,ZAHU,,,,,,,,,
Forest,Chittenden,Audubon2,31/05/2020,2,"EB, BL",28A,Seed,,Peromyscus,,PE??,,,21,,,,,,
Forest,Chittenden,Audubon2,24/06/2020,1,"EB, BL",30A,Seed,,Peromyscus,,PE??,,,,,,,,,
Forest,Chittenden,Audubon2,24/06/2020,1,"EB, BL",7A,Seed,,Mustela,,MU??,,,,,,,,,
Forest,Chittenden,Audubon2,20/07/2020,2,"EB, BL",18B,Seed,,Tamias,striatus,TAST,,,,,,,,,
Forest,GrandIsle,Butternut2,14/07/2019,1,"EB, BL",16,Seed,,Tamiasciurus,hudsonius,TAHU,,,178,,,,,,
Farm,Chittenden,Hort2,6/7/2020,1,"EB, BL",18A,Seed,,Tamias,striatus,TAST,,,91,,,,,,
Farm,Chittenden,Hort2,7/7/2020,2,"EB, BL",21B,Seed,,Tamias,striatus,TAST,M,ns,88,,,,,,
Farm,Chittenden,Hort3,7/7/2020,1,"EB, BL",27B,Seed,,Tamias,striatus,TAST,F,sm,73,,,,,,
Farm,Chittenden,Hort3,1/8/2020,1,"EB, BL, NS",26A,Seed,,Tamias,striatus,TAST,F,lg,89,,,,,,
Farm,Chittenden,Hort3,2/8/2020,2,"EB, BL, AS",25B,Seed,,Tamias,striatus,TAST,M,,60,,,,,,
Farm,Chittenden,Inter1,30/06/2020,3,"EB, BL",21B,Seed,,Zapus,hudsonius,ZAHU,,,,,,,,,
Farm,Chittenden,Inter1,30/06/2020,3,"EB, BL",28B,Seed,,Peromyscus,leucopus,PELE,,,,,,,,,
Farm,Chittenden,Inter2,5/6/2020,3,"EB, BL",4B,Seed,,Zapus,hudsonius,ZAHU,,,,,,,,,
Farm,Chittenden,Inter2,24/07/2020,2,"EB, BL, NS",4B,Seed,,Tamias,striatus,TAST,F,sm,85,,,,,,
Forest,Chittenden,Jericho1,26/05/2019,1,EB,5,Pb,,Napeozapus,insignis,NAIN,,,,,,,,,
Forest,Chittenden,Jericho1,28/05/2020,2,"EB, BL",3A,Seed,,Tamias,striatus,TAST,,,,,17,,,,
Forest,Chittenden,Jericho1,21/06/2020,2,"EB, BL",3B,Seed,,Tamias,striatus,TAST,,,99,,,,,,
Forest,Chittenden,Jericho1,16/07/2020,1,EB,16A,Seed,,Peromyscus,leucopus,PELE,M,ns,18,,,,,,
Farm,Chittenden,Jericho1,18/07/2020,3,"EB, BL, AS",24B,Seed,,Tamiasciurus,hudsonius,TAHU,,,,,,,,,
Forest,Chittenden,Jericho2,19/06/2020,1,"EB, BL",1A,Seed,,Peromyscus,,PE??,,,,,,,,,
Forest,Chittenden,Jericho2,20/06/2020,2,"EB, BL",10A,Seed,,Peromyscus,leucopus,PELE,,,,,,,,,
Forest,Chittenden,Jericho2,20/06/2020,2,"EB, BL",3B,Seed,,Tamias,striatus,TAST,M,s,89,,,,,,
Farm,Chittenden,Jericho2,17/07/2020,3,"EB, BL",9B,Seed,,Peromyscus,,PE??,,,25,,,,,,
Field,Chittenden,StM1,28/07/2020,2,"EB, BL",28A,Seed,,Blarina,brevicauda,BLBR,,,,,,,,,
Field,Chittenden,StM2,2/7/2020,3,"EB, BL",15B,Seed,,Microtus,pennsylvanicus,MIPE,F,sm,62,49,18,9,,,
